drug;target;score;hit;kegg_hit;drugBank_hit;matador_hit
D00035;hsa6530;0.401606;0;0;0;0 
D00035;hsa6532;0.354350;0;0;0;0 
D00035;hsa6531;0.326087;0;0;0;0 
D00035;hsa6529;0.217818;0;0;0;0 
D00035;hsa3767;0.105974;0;0;0;0 
D00035;hsa3758;0.104849;0;0;0;0 
D00035;hsa11280;0.101308;0;0;0;0 
D00035;hsa1135;0.093066;0;0;0;0 
D00035;hsa116443;0.086756;0;0;0;0 
D00035;hsa6336;0.083337;0;0;0;0 
D00110;hsa6328;0.543891;1;1;0;0 
D00110;hsa6329;0.541406;1;1;0;0 
D00110;hsa6323;0.465120;1;1;0;0 
D00110;hsa6335;0.432992;1;1;0;0 
D00110;hsa6326;0.432912;1;1;0;0 
D00110;hsa6334;0.430464;1;1;0;0 
D00110;hsa778;0.375271;0;0;0;0 
D00110;hsa776;0.363377;0;0;0;0 
D00110;hsa775;0.361783;0;0;0;0 
D00110;hsa779;0.360886;0;0;0;0 
D00136;hsa116443;0.654097;0;0;0;0 
D00136;hsa3763;0.485565;0;0;0;0 
D00136;hsa6331;0.426759;0;0;0;0 
D00136;hsa3782;0.352087;0;0;0;0 
D00136;hsa6329;0.325410;0;0;0;0 
D00136;hsa6328;0.323305;0;0;0;0 
D00136;hsa3757;0.309212;0;0;0;0 
D00136;hsa6334;0.298038;0;0;0;0 
D00136;hsa6336;0.297937;0;0;0;0 
D00136;hsa6335;0.297670;0;0;0;0 
D00195;hsa1145;0.394094;0;0;0;0 
D00195;hsa1141;0.377917;0;0;0;0 
D00195;hsa3359;0.322752;0;0;0;0 
D00195;hsa6331;0.316733;0;0;0;0 
D00195;hsa6329;0.291951;0;0;0;0 
D00195;hsa6328;0.290659;0;0;0;0 
D00195;hsa6336;0.283980;0;0;0;0 
D00195;hsa1140;0.277933;0;0;0;0 
D00195;hsa2554;0.274855;0;0;0;0 
D00195;hsa1144;0.271971;0;0;0;0 
D00219;hsa3767;0.508986;0;0;0;0 
D00219;hsa6331;0.408472;0;0;0;0 
D00219;hsa6323;0.336698;0;0;0;0 
D00219;hsa6328;0.326228;0;0;0;0 
D00219;hsa6329;0.325371;0;0;0;0 
D00219;hsa6336;0.321351;0;0;0;0 
D00219;hsa3763;0.301564;0;0;0;0 
D00219;hsa6326;0.301150;0;0;0;0 
D00219;hsa6335;0.301145;0;0;0;0 
D00219;hsa6334;0.300886;0;0;0;0 
D00225;hsa2570;0.547203;0;0;0;0 
D00225;hsa6331;0.488856;0;0;0;0 
D00225;hsa2742;0.464266;0;0;0;0 
D00225;hsa2743;0.448046;0;0;0;0 
D00225;hsa2741;0.443828;0;0;0;0 
D00225;hsa6329;0.430481;0;0;0;0 
D00225;hsa6328;0.425930;0;0;0;0 
D00225;hsa6336;0.400973;0;0;0;0 
D00225;hsa775;0.392218;0;0;0;0 
D00225;hsa779;0.366964;0;0;0;0 
D00227;hsa2554;0.296343;0;0;0;0 
D00227;hsa6331;0.282316;0;0;0;0 
D00227;hsa6336;0.247037;0;0;0;0 
D00227;hsa6329;0.243532;0;0;0;0 
D00227;hsa6328;0.239525;0;0;0;0 
D00227;hsa779;0.233759;0;0;0;0 
D00227;hsa775;0.229246;0;0;0;0 
D00227;hsa6833;0.226762;0;0;0;0 
D00227;hsa3782;0.218777;0;0;0;0 
D00227;hsa778;0.212575;0;0;0;0 
D00228;hsa6531;0.527109;1;0;1;0 
D00228;hsa6331;0.439752;0;0;0;0 
D00228;hsa3782;0.392176;0;0;0;0 
D00228;hsa6336;0.332934;0;0;0;0 
D00228;hsa3359;0.319710;1;0;1;0 
D00228;hsa3781;0.306294;0;0;0;0 
D00228;hsa2554;0.284156;1;0;1;0 
D00228;hsa1135;0.281314;0;0;0;0 
D00228;hsa3757;0.274972;0;0;0;0 
D00228;hsa3763;0.267033;0;0;0;0 
D00234;hsa6331;0.404129;0;0;0;0 
D00234;hsa3782;0.394549;0;0;0;0 
D00234;hsa3781;0.324643;0;0;0;0 
D00234;hsa6336;0.300514;0;0;0;0 
D00234;hsa6329;0.294033;0;0;0;0 
D00234;hsa6328;0.290955;0;0;0;0 
D00234;hsa6530;0.288371;0;0;0;0 
D00234;hsa6532;0.285416;0;0;0;0 
D00234;hsa3359;0.280276;0;0;0;0 
D00234;hsa6335;0.278362;0;0;0;0 
D00252;hsa8912;0.506087;0;0;0;0 
D00252;hsa8913;0.501643;0;0;0;0 
D00252;hsa8911;0.467027;0;0;0;0 
D00252;hsa775;0.433821;0;0;0;0 
D00252;hsa779;0.431809;0;0;0;0 
D00252;hsa6261;0.404919;0;0;0;0 
D00252;hsa778;0.404215;0;0;0;0 
D00252;hsa6263;0.389932;0;0;0;0 
D00252;hsa6262;0.389456;0;0;0;0 
D00252;hsa6323;0.389441;1;1;0;0 
D00274;hsa6331;0.450457;0;0;0;0 
D00274;hsa3782;0.370805;0;0;0;0 
D00274;hsa6336;0.347072;0;0;0;0 
D00274;hsa6329;0.338542;0;0;0;0 
D00274;hsa6328;0.336430;0;0;0;0 
D00274;hsa6335;0.327342;0;0;0;0 
D00274;hsa6334;0.327077;0;0;0;0 
D00274;hsa6326;0.325781;0;0;0;0 
D00274;hsa6323;0.320922;0;0;0;0 
D00274;hsa3359;0.298007;1;0;1;0 
D00283;hsa170572;0.539742;0;0;0;0 
D00283;hsa200909;0.515866;0;0;0;0 
D00283;hsa6331;0.422879;0;0;0;0 
D00283;hsa3782;0.405963;0;0;0;0 
D00283;hsa6530;0.320874;0;0;0;0 
D00283;hsa2554;0.314920;0;0;0;0 
D00283;hsa6532;0.312877;0;0;0;0 
D00283;hsa6336;0.309824;0;0;0;0 
D00283;hsa3781;0.308087;0;0;0;0 
D00283;hsa6329;0.301423;0;0;0;0 
D00293;hsa6331;0.531462;0;0;0;0 
D00293;hsa6329;0.469210;0;0;0;0 
D00293;hsa6328;0.463799;0;0;0;0 
D00293;hsa6336;0.451394;0;0;0;0 
D00293;hsa8001;0.445279;0;0;0;0 
D00293;hsa775;0.419457;0;0;0;0 
D00293;hsa779;0.402319;0;0;0;0 
D00293;hsa8913;0.386786;0;0;0;0 
D00293;hsa778;0.383006;0;0;0;0 
D00293;hsa8912;0.375451;0;0;0;0 
D00294;hsa8913;1.095895;0;0;0;0 
D00294;hsa775;1.065077;0;0;0;0 
D00294;hsa8911;1.031856;0;0;0;0 
D00294;hsa6331;1.017334;0;0;0;0 
D00294;hsa6329;1.009990;0;0;0;0 
D00294;hsa6328;1.008030;0;0;0;0 
D00294;hsa8912;1.007752;0;0;0;0 
D00294;hsa6336;0.984474;0;0;0;0 
D00294;hsa779;0.959079;0;0;0;0 
D00294;hsa786;0.958850;0;0;0;0 
D00303;hsa8912;0.446421;0;0;0;0 
D00303;hsa8913;0.439625;0;0;0;0 
D00303;hsa775;0.417705;0;0;0;0 
D00303;hsa779;0.414289;0;0;0;0 
D00303;hsa8911;0.410486;0;0;0;0 
D00303;hsa6323;0.391292;1;1;0;0 
D00303;hsa778;0.384270;0;0;0;0 
D00303;hsa6261;0.372123;0;0;0;0 
D00303;hsa773;0.359543;0;0;0;0 
D00303;hsa6263;0.357600;0;0;0;0 
D00319;hsa6331;0.328921;0;0;0;0 
D00319;hsa777;0.304067;1;0;0;1 
D00319;hsa6336;0.297496;0;0;0;0 
D00319;hsa8911;0.294823;1;0;0;1 
D00319;hsa8912;0.278560;1;0;1;1 
D00319;hsa8913;0.274449;1;0;0;1 
D00319;hsa6329;0.265254;0;0;0;0 
D00319;hsa774;0.264181;1;0;0;1 
D00319;hsa6328;0.259928;0;0;0;0 
D00319;hsa786;0.251346;1;0;0;1 
D00326;hsa6331;0.457956;0;0;0;0 
D00326;hsa2554;0.387519;0;0;0;0 
D00326;hsa6329;0.378755;0;0;0;0 
D00326;hsa6328;0.374777;0;0;0;0 
D00326;hsa6336;0.373844;0;0;0;0 
D00326;hsa779;0.319563;0;0;0;0 
D00326;hsa775;0.302619;0;0;0;0 
D00326;hsa6335;0.298734;0;0;0;0 
D00326;hsa6334;0.298547;0;0;0;0 
D00326;hsa6326;0.296704;0;0;0;0 
D00329;hsa6331;0.552518;0;0;0;0 
D00329;hsa2570;0.536658;1;0;1;0 
D00329;hsa6329;0.484222;0;0;0;0 
D00329;hsa6328;0.480996;0;0;0;0 
D00329;hsa6336;0.457728;0;0;0;0 
D00329;hsa2742;0.454207;0;0;0;0 
D00329;hsa2743;0.437099;0;0;0;0 
D00329;hsa2741;0.426844;0;0;0;0 
D00329;hsa775;0.397897;0;0;0;0 
D00329;hsa6323;0.383088;0;0;0;0 
D00331;hsa6331;0.396092;0;0;0;0 
D00331;hsa2566;0.395677;0;0;0;0 
D00331;hsa2567;0.389863;0;0;0;0 
D00331;hsa2564;0.374664;0;0;0;0 
D00331;hsa6329;0.364745;0;0;0;0 
D00331;hsa6328;0.362907;0;0;0;0 
D00331;hsa2563;0.359345;0;0;0;0 
D00331;hsa2561;0.354746;0;0;0;0 
D00331;hsa2560;0.354569;0;0;0;0 
D00331;hsa2562;0.354437;0;0;0;0 
D00332;hsa2890;0.283596;0;0;0;0 
D00332;hsa2554;0.276782;1;0;0;1 
D00332;hsa1135;0.271548;0;0;0;0 
D00332;hsa6323;0.260498;0;0;0;0 
D00332;hsa2557;0.249100;1;0;0;1 
D00332;hsa2559;0.241880;1;0;0;1 
D00332;hsa2556;0.240242;1;0;0;1 
D00332;hsa2558;0.239094;1;0;0;1 
D00332;hsa2555;0.238615;1;0;0;1 
D00332;hsa2741;0.222068;0;0;0;0 
D00335;hsa6331;0.399639;0;0;0;0 
D00335;hsa3763;0.397819;0;0;0;0 
D00335;hsa6323;0.320049;0;0;0;0 
D00335;hsa6329;0.309758;0;0;0;0 
D00335;hsa6328;0.309072;0;0;0;0 
D00335;hsa6336;0.301373;0;0;0;0 
D00335;hsa3757;0.292982;0;0;0;0 
D00335;hsa6530;0.288989;0;0;0;0 
D00335;hsa6334;0.288262;0;0;0;0 
D00335;hsa6335;0.288241;0;0;0;0 
D00336;hsa6331;0.486847;0;0;0;0 
D00336;hsa3783;0.443839;0;0;0;0 
D00336;hsa3767;0.430571;1;1;1;0 
D00336;hsa6261;0.418102;0;0;0;0 
D00336;hsa6263;0.397887;0;0;0;0 
D00336;hsa6262;0.397837;0;0;0;0 
D00336;hsa6329;0.379270;0;0;0;0 
D00336;hsa6328;0.376230;0;0;0;0 
D00336;hsa6336;0.365736;0;0;0;0 
D00336;hsa6323;0.352383;0;0;0;0 
D00338;hsa3782;0.377472;0;0;0;0 
D00338;hsa6331;0.365766;0;0;0;0 
D00338;hsa3781;0.301254;0;0;0;0 
D00338;hsa3359;0.274837;0;0;0;0 
D00338;hsa6530;0.274607;0;0;0;0 
D00338;hsa6336;0.271699;0;0;0;0 
D00338;hsa2555;0.260968;1;0;1;0 
D00338;hsa6329;0.260543;0;0;0;0 
D00338;hsa6532;0.260444;0;0;0;0 
D00338;hsa6328;0.258096;0;0;0;0 
D00340;hsa6331;0.280037;0;0;0;0 
D00340;hsa6329;0.237852;0;0;0;0 
D00340;hsa6328;0.237829;0;0;0;0 
D00340;hsa2554;0.229356;0;0;0;0 
D00340;hsa6323;0.228014;0;0;0;0 
D00340;hsa6336;0.223418;0;0;0;0 
D00340;hsa6335;0.198597;0;0;0;0 
D00340;hsa6326;0.198178;0;0;0;0 
D00340;hsa6334;0.198071;0;0;0;0 
D00340;hsa3359;0.193263;0;0;0;0 
D00345;hsa6331;0.519839;0;0;0;0 
D00345;hsa6329;0.424565;0;0;0;0 
D00345;hsa6328;0.423601;0;0;0;0 
D00345;hsa6336;0.404493;0;0;0;0 
D00345;hsa3782;0.402712;0;0;0;0 
D00345;hsa3778;0.382002;0;0;0;0 
D00345;hsa3758;0.353362;0;0;0;0 
D00345;hsa6323;0.348850;0;0;0;0 
D00345;hsa2554;0.346086;0;0;0;0 
D00345;hsa3757;0.322760;0;0;0;0 
D00349;hsa773;0.535803;0;0;0;0 
D00349;hsa777;0.427525;0;0;0;0 
D00349;hsa774;0.396697;0;0;0;0 
D00349;hsa782;0.375724;0;0;0;0 
D00349;hsa6261;0.370293;0;0;0;0 
D00349;hsa6263;0.367034;0;0;0;0 
D00349;hsa6262;0.367024;0;0;0;0 
D00349;hsa785;0.354077;0;0;0;0 
D00349;hsa784;0.352021;0;0;0;0 
D00349;hsa55799;0.349744;0;0;0;0 
D00351;hsa6331;0.435424;0;0;0;0 
D00351;hsa6261;0.411674;0;0;0;0 
D00351;hsa775;0.409078;0;0;0;0 
D00351;hsa6263;0.399592;0;0;0;0 
D00351;hsa6262;0.399580;0;0;0;0 
D00351;hsa779;0.380540;0;0;0;0 
D00351;hsa3782;0.379715;0;0;0;0 
D00351;hsa2554;0.371200;0;0;0;0 
D00351;hsa3738;0.366915;0;0;0;0 
D00351;hsa6329;0.358922;0;0;0;0 
D00354;hsa6336;0.725432;1;0;0;1 
D00354;hsa8645;0.561021;0;0;0;0 
D00354;hsa8913;0.292460;1;0;0;1 
D00354;hsa6332;0.283067;1;0;0;1 
D00354;hsa8912;0.261494;1;0;0;1 
D00354;hsa8911;0.250013;1;0;0;1 
D00354;hsa2554;0.245661;0;0;0;0 
D00354;hsa775;0.245572;1;0;0;1 
D00354;hsa779;0.240580;1;0;0;1 
D00354;hsa778;0.234472;1;0;0;1 
D00358;hsa11280;0.229986;0;0;0;0 
D00358;hsa6332;0.226050;1;0;0;1 
D00358;hsa8913;0.220398;0;0;0;0 
D00358;hsa775;0.220356;0;0;0;0 
D00358;hsa6261;0.213571;0;0;0;0 
D00358;hsa779;0.210665;0;0;0;0 
D00358;hsa778;0.208812;0;0;0;0 
D00358;hsa6262;0.208480;0;0;0;0 
D00358;hsa6263;0.208320;0;0;0;0 
D00358;hsa776;0.199376;0;0;0;0 
D00364;hsa6331;0.455951;0;0;0;0 
D00364;hsa6329;0.377191;0;0;0;0 
D00364;hsa6328;0.374449;0;0;0;0 
D00364;hsa6335;0.367086;0;0;0;0 
D00364;hsa6334;0.366874;0;0;0;0 
D00364;hsa6326;0.365645;0;0;0;0 
D00364;hsa6323;0.360034;0;0;0;0 
D00364;hsa3743;0.334898;0;0;0;0 
D00364;hsa3738;0.332072;0;0;0;0 
D00364;hsa6336;0.319969;0;0;0;0 
D00367;hsa6532;0.608371;1;1;1;0 
D00367;hsa6331;0.420416;0;0;0;0 
D00367;hsa3782;0.364536;0;0;0;0 
D00367;hsa6336;0.327995;0;0;0;0 
D00367;hsa3359;0.310545;0;0;0;0 
D00367;hsa2554;0.301028;0;0;0;0 
D00367;hsa3781;0.278031;0;0;0;0 
D00367;hsa6529;0.269725;0;0;0;0 
D00367;hsa3757;0.255035;0;0;0;0 
D00367;hsa6329;0.252480;0;0;0;0 
D00373;hsa3782;0.505528;0;0;0;0 
D00373;hsa6331;0.489021;0;0;0;0 
D00373;hsa3781;0.434862;0;0;0;0 
D00373;hsa6336;0.392169;0;0;0;0 
D00373;hsa3758;0.382682;0;0;0;0 
D00373;hsa6329;0.374343;0;0;0;0 
D00373;hsa6328;0.371065;0;0;0;0 
D00373;hsa6335;0.346886;0;0;0;0 
D00373;hsa6334;0.346698;0;0;0;0 
D00373;hsa6326;0.345192;0;0;0;0 
D00379;hsa6331;0.399268;0;0;0;0 
D00379;hsa3763;0.363750;0;0;0;0 
D00379;hsa6323;0.344501;0;0;0;0 
D00379;hsa6328;0.320706;0;0;0;0 
D00379;hsa6329;0.319429;0;0;0;0 
D00379;hsa6336;0.311117;0;0;0;0 
D00379;hsa6326;0.302699;0;0;0;0 
D00379;hsa6335;0.302389;0;0;0;0 
D00379;hsa6334;0.302327;0;0;0;0 
D00379;hsa6530;0.267951;0;0;0;0 
D00380;hsa6331;0.487090;0;0;0;0 
D00380;hsa3767;0.408405;1;1;0;0 
D00380;hsa6328;0.394563;0;0;0;0 
D00380;hsa6323;0.393946;0;0;0;0 
D00380;hsa6336;0.393644;0;0;0;0 
D00380;hsa6329;0.393048;0;0;0;0 
D00380;hsa6326;0.353848;0;0;0;0 
D00380;hsa6335;0.353675;0;0;0;0 
D00380;hsa6334;0.352957;0;0;0;0 
D00380;hsa1080;0.303915;0;0;0;0 
D00392;hsa8911;0.386948;0;0;0;0 
D00392;hsa8912;0.357417;0;0;0;0 
D00392;hsa2554;0.235997;0;0;0;0 
D00392;hsa6323;0.227253;0;0;0;0 
D00392;hsa6328;0.154103;0;0;0;0 
D00392;hsa6329;0.150959;0;0;0;0 
D00392;hsa773;0.142377;0;0;0;0 
D00392;hsa778;0.141368;0;0;0;0 
D00392;hsa6331;0.139517;0;0;0;0 
D00392;hsa775;0.139037;0;0;0;0 
D00394;hsa6531;0.527709;1;0;1;0 
D00394;hsa6331;0.481072;0;0;0;0 
D00394;hsa3782;0.443698;0;0;0;0 
D00394;hsa6336;0.376679;0;0;0;0 
D00394;hsa3359;0.339009;1;0;1;0 
D00394;hsa3781;0.337478;0;0;0;0 
D00394;hsa6329;0.290951;0;0;0;0 
D00394;hsa6328;0.286062;0;0;0;0 
D00394;hsa3757;0.277280;0;0;0;0 
D00394;hsa3763;0.270056;0;0;0;0 
D00418;hsa3767;0.412375;1;1;0;0 
D00418;hsa6331;0.282902;0;0;0;0 
D00418;hsa3763;0.255193;1;0;0;1 
D00418;hsa6833;0.252287;1;1;0;0 
D00418;hsa6329;0.226177;0;0;0;0 
D00418;hsa6328;0.225852;0;0;0;0 
D00418;hsa6336;0.221710;0;0;0;0 
D00418;hsa6323;0.220052;0;0;0;0 
D00418;hsa3359;0.193628;0;0;0;0 
D00418;hsa6335;0.187893;0;0;0;0 
D00437;hsa6331;0.383473;0;0;0;0 
D00437;hsa6336;0.346757;0;0;0;0 
D00437;hsa6329;0.340088;0;0;0;0 
D00437;hsa6328;0.337435;0;0;0;0 
D00437;hsa6323;0.237603;0;0;0;0 
D00437;hsa6335;0.214659;0;0;0;0 
D00437;hsa6334;0.213587;0;0;0;0 
D00437;hsa6326;0.212956;0;0;0;0 
D00437;hsa2554;0.197628;0;0;0;0 
D00437;hsa6332;0.195591;0;0;0;0 
D00438;hsa779;0.602211;1;1;1;0 
D00438;hsa773;0.525530;0;0;0;0 
D00438;hsa781;0.415690;0;0;0;0 
D00438;hsa8911;0.406727;0;0;0;0 
D00438;hsa8913;0.395547;0;0;0;0 
D00438;hsa8912;0.393713;0;0;0;0 
D00438;hsa777;0.387782;0;0;0;0 
D00438;hsa774;0.366933;0;0;0;0 
D00438;hsa782;0.345082;1;0;1;0 
D00438;hsa6261;0.341957;0;0;0;0 
D00451;hsa170572;0.534214;0;0;0;0 
D00451;hsa200909;0.509975;0;0;0;0 
D00451;hsa6331;0.350700;0;0;0;0 
D00451;hsa6336;0.271961;0;0;0;0 
D00451;hsa3782;0.271920;0;0;0;0 
D00451;hsa1141;0.268958;0;0;0;0 
D00451;hsa6329;0.259921;0;0;0;0 
D00451;hsa6328;0.255880;0;0;0;0 
D00451;hsa6335;0.244163;0;0;0;0 
D00451;hsa6334;0.244101;0;0;0;0 
D00456;hsa285242;0.486183;1;1;0;0 
D00456;hsa9177;0.481561;1;1;0;0 
D00456;hsa6331;0.377279;0;0;0;0 
D00456;hsa170572;0.374678;1;1;0;0 
D00456;hsa200909;0.355876;1;1;0;0 
D00456;hsa3782;0.324288;0;0;0;0 
D00456;hsa6530;0.288222;0;0;0;0 
D00456;hsa6532;0.280553;0;0;0;0 
D00456;hsa2554;0.277179;0;0;0;0 
D00456;hsa6336;0.275243;0;0;0;0 
D00464;hsa6331;0.358306;0;0;0;0 
D00464;hsa3782;0.347438;0;0;0;0 
D00464;hsa3359;0.277440;0;0;0;0 
D00464;hsa6530;0.274364;0;0;0;0 
D00464;hsa3781;0.272009;0;0;0;0 
D00464;hsa6336;0.267357;0;0;0;0 
D00464;hsa2555;0.261759;1;1;1;0 
D00464;hsa2558;0.257256;1;1;1;0 
D00464;hsa6532;0.257220;0;0;0;0 
D00464;hsa2556;0.255374;1;1;1;0 
D00474;hsa6331;0.325256;0;0;0;0 
D00474;hsa6323;0.272680;0;0;0;0 
D00474;hsa6336;0.262592;0;0;0;0 
D00474;hsa6328;0.234308;0;0;0;0 
D00474;hsa6329;0.233873;0;0;0;0 
D00474;hsa3359;0.223136;0;0;0;0 
D00474;hsa6530;0.210115;0;0;0;0 
D00474;hsa2555;0.208436;1;0;1;0 
D00474;hsa6326;0.205551;0;0;0;0 
D00474;hsa6335;0.205482;0;0;0;0 
D00477;hsa6336;0.749137;1;0;0;1 
D00477;hsa8645;0.584965;0;0;0;0 
D00477;hsa6332;0.233860;1;0;0;1 
D00477;hsa11280;0.227067;0;0;0;0 
D00477;hsa775;0.216931;0;0;0;0 
D00477;hsa779;0.214065;0;0;0;0 
D00477;hsa2554;0.211979;0;0;0;0 
D00477;hsa778;0.204883;0;0;0;0 
D00477;hsa8913;0.203095;0;0;0;0 
D00477;hsa3741;0.186827;0;0;0;0 
D00480;hsa3781;0.579238;0;0;0;0 
D00480;hsa6331;0.451998;0;0;0;0 
D00480;hsa3780;0.363028;0;0;0;0 
D00480;hsa6336;0.339355;0;0;0;0 
D00480;hsa3763;0.333714;0;0;0;0 
D00480;hsa6329;0.322291;0;0;0;0 
D00480;hsa3359;0.321271;0;0;0;0 
D00480;hsa6328;0.319361;0;0;0;0 
D00480;hsa6530;0.295040;0;0;0;0 
D00480;hsa6335;0.291753;0;0;0;0 
D00495;hsa8913;0.435397;0;0;0;0 
D00495;hsa8912;0.349785;0;0;0;0 
D00495;hsa2554;0.253886;0;0;0;0 
D00495;hsa6323;0.237380;0;0;0;0 
D00495;hsa773;0.175302;0;0;0;0 
D00495;hsa778;0.172694;0;0;0;0 
D00495;hsa6331;0.171226;0;0;0;0 
D00495;hsa6328;0.169748;0;0;0;0 
D00495;hsa779;0.168989;0;0;0;0 
D00495;hsa776;0.167869;0;0;0;0 
D00499;hsa1134;0.620236;0;0;0;0 
D00499;hsa1139;0.600989;1;0;1;0 
D00499;hsa1138;0.575165;0;0;0;0 
D00499;hsa8913;0.527983;0;0;0;0 
D00499;hsa2570;0.496133;0;0;0;0 
D00499;hsa8911;0.477268;0;0;0;0 
D00499;hsa8912;0.456744;0;0;0;0 
D00499;hsa775;0.443790;0;0;0;0 
D00499;hsa2741;0.441574;0;0;0;0 
D00499;hsa2743;0.427132;0;0;0;0 
D00504;hsa6331;0.580941;0;0;0;0 
D00504;hsa6328;0.544272;0;0;0;0 
D00504;hsa6329;0.535744;0;0;0;0 
D00504;hsa6326;0.507993;0;0;0;0 
D00504;hsa6335;0.504404;0;0;0;0 
D00504;hsa6336;0.503788;0;0;0;0 
D00504;hsa6334;0.502747;0;0;0;0 
D00504;hsa8645;0.343276;0;0;0;0 
D00504;hsa3758;0.201273;0;0;0;0 
D00504;hsa2554;0.196475;0;0;0;0 
D00512;hsa2554;0.416391;0;0;0;0 
D00512;hsa116443;0.308115;0;0;0;0 
D00512;hsa2557;0.269873;0;0;0;0 
D00512;hsa2555;0.267747;0;0;0;0 
D00512;hsa2556;0.267743;0;0;0;0 
D00512;hsa2558;0.267032;0;0;0;0 
D00512;hsa2559;0.266147;0;0;0;0 
D00512;hsa3782;0.253750;0;0;0;0 
D00512;hsa3781;0.252262;0;0;0;0 
D00512;hsa6323;0.247517;1;1;1;0 
D00513;hsa170572;0.536610;0;0;0;0 
D00513;hsa200909;0.512361;0;0;0;0 
D00513;hsa6331;0.346725;0;0;0;0 
D00513;hsa6336;0.270018;0;0;0;0 
D00513;hsa1141;0.256661;0;0;0;0 
D00513;hsa6329;0.256080;0;0;0;0 
D00513;hsa3782;0.253049;0;0;0;0 
D00513;hsa6328;0.252783;0;0;0;0 
D00513;hsa6335;0.251005;0;0;0;0 
D00513;hsa6334;0.250935;0;0;0;0 
D00519;hsa6331;0.274396;0;0;0;0 
D00519;hsa6329;0.232782;0;0;0;0 
D00519;hsa6328;0.232317;0;0;0;0 
D00519;hsa6336;0.217844;0;0;0;0 
D00519;hsa2554;0.211464;0;0;0;0 
D00519;hsa6323;0.210884;0;0;0;0 
D00519;hsa3782;0.197482;0;0;0;0 
D00519;hsa3359;0.195069;0;0;0;0 
D00519;hsa6335;0.187195;0;0;0;0 
D00519;hsa6334;0.186667;0;0;0;0 
D00521;hsa3782;0.383906;0;0;0;0 
D00521;hsa6331;0.369028;0;0;0;0 
D00521;hsa3781;0.313274;0;0;0;0 
D00521;hsa6530;0.291289;0;0;0;0 
D00521;hsa6532;0.284066;0;0;0;0 
D00521;hsa6336;0.270705;0;0;0;0 
D00521;hsa3359;0.267427;0;0;0;0 
D00521;hsa775;0.262796;0;0;0;0 
D00521;hsa6329;0.256889;0;0;0;0 
D00521;hsa6328;0.253433;0;0;0;0 
D00524;hsa1134;0.653101;0;0;0;0 
D00524;hsa1139;0.634251;0;0;0;0 
D00524;hsa1138;0.601583;0;0;0;0 
D00524;hsa1140;0.352681;0;0;0;0 
D00524;hsa1144;0.351971;0;0;0;0 
D00524;hsa3359;0.298909;0;0;0;0 
D00524;hsa6336;0.289072;0;0;0;0 
D00524;hsa6329;0.280354;0;0;0;0 
D00524;hsa6328;0.279425;0;0;0;0 
D00524;hsa6331;0.277631;0;0;0;0 
D00528;hsa1080;0.318806;0;0;0;0 
D00528;hsa3783;0.292508;0;0;0;0 
D00528;hsa6331;0.285947;0;0;0;0 
D00528;hsa2554;0.283628;0;0;0;0 
D00528;hsa6336;0.233562;0;0;0;0 
D00528;hsa6329;0.222362;0;0;0;0 
D00528;hsa6328;0.220384;0;0;0;0 
D00528;hsa775;0.198803;1;0;0;1 
D00528;hsa6323;0.197754;0;0;0;0 
D00528;hsa3359;0.195088;0;0;0;0 
D00530;hsa6331;0.506714;0;0;0;0 
D00530;hsa2742;0.498927;0;0;0;0 
D00530;hsa2743;0.480381;0;0;0;0 
D00530;hsa2741;0.469048;0;0;0;0 
D00530;hsa6329;0.463705;0;0;0;0 
D00530;hsa6328;0.460807;0;0;0;0 
D00530;hsa6336;0.431486;0;0;0;0 
D00530;hsa775;0.384566;0;0;0;0 
D00530;hsa6261;0.366105;0;0;0;0 
D00530;hsa8913;0.358243;0;0;0;0 
D00533;hsa6336;0.524125;0;0;0;0 
D00533;hsa6328;0.514315;1;1;0;0 
D00533;hsa6329;0.512749;1;1;0;0 
D00533;hsa6323;0.424556;1;1;0;0 
D00533;hsa6326;0.392301;1;1;0;0 
D00533;hsa6335;0.391548;1;1;0;0 
D00533;hsa6334;0.390049;1;1;0;0 
D00533;hsa3782;0.345256;0;0;0;0 
D00533;hsa2554;0.293880;0;0;0;0 
D00533;hsa779;0.272631;0;0;0;0 
D00536;hsa6331;0.403537;0;0;0;0 
D00536;hsa6336;0.381707;0;0;0;0 
D00536;hsa8001;0.369699;0;0;0;0 
D00536;hsa2554;0.365860;1;0;0;1 
D00536;hsa6329;0.344089;0;0;0;0 
D00536;hsa6328;0.341489;0;0;0;0 
D00536;hsa2570;0.320285;1;0;0;1 
D00536;hsa2569;0.315894;1;0;0;1 
D00536;hsa2563;0.310379;1;0;0;1 
D00536;hsa2560;0.307794;1;0;0;1 
D00537;hsa6328;0.509290;1;1;0;0 
D00537;hsa6329;0.501168;1;1;0;0 
D00537;hsa6331;0.490179;1;1;0;0 
D00537;hsa6336;0.438812;0;0;0;0 
D00537;hsa6326;0.407284;1;1;0;0 
D00537;hsa6335;0.403492;1;1;0;0 
D00537;hsa6334;0.401978;1;1;0;0 
D00537;hsa8913;0.335754;0;0;0;0 
D00537;hsa2890;0.321132;1;1;0;0 
D00537;hsa8645;0.320265;0;0;0;0 
D00538;hsa6331;0.766455;1;1;1;0 
D00538;hsa775;0.413177;0;0;0;0 
D00538;hsa779;0.393857;0;0;0;0 
D00538;hsa778;0.384952;0;0;0;0 
D00538;hsa773;0.371036;0;0;0;0 
D00538;hsa6261;0.368699;0;0;0;0 
D00538;hsa5310;0.367898;0;0;0;0 
D00538;hsa776;0.365479;0;0;0;0 
D00538;hsa777;0.361020;0;0;0;0 
D00538;hsa6263;0.360687;0;0;0;0 
D00539;hsa2554;0.361708;0;0;0;0 
D00539;hsa6323;0.292495;0;0;0;0 
D00539;hsa773;0.254402;0;0;0;0 
D00539;hsa778;0.253925;0;0;0;0 
D00539;hsa775;0.253866;0;0;0;0 
D00539;hsa776;0.246809;0;0;0;0 
D00539;hsa779;0.246788;0;0;0;0 
D00539;hsa777;0.246231;0;0;0;0 
D00539;hsa6328;0.227501;0;0;0;0 
D00539;hsa6329;0.224381;0;0;0;0 
D00542;hsa3736;0.560816;0;0;0;0 
D00542;hsa6262;0.557581;1;0;0;1 
D00542;hsa6263;0.557193;1;0;0;1 
D00542;hsa6261;0.525281;1;0;0;1 
D00542;hsa6329;0.343389;0;0;0;0 
D00542;hsa6328;0.340884;0;0;0;0 
D00542;hsa2742;0.276110;0;0;0;0 
D00542;hsa6336;0.267778;0;0;0;0 
D00542;hsa6331;0.256313;0;0;0;0 
D00542;hsa6332;0.251966;0;0;0;0 
D00543;hsa2742;0.316907;0;0;0;0 
D00543;hsa2743;0.262611;1;0;1;0 
D00543;hsa3737;0.235591;0;0;0;0 
D00543;hsa2555;0.228006;1;0;1;1 
D00543;hsa2558;0.222318;1;0;1;1 
D00543;hsa2556;0.220253;1;0;1;1 
D00543;hsa2559;0.213133;1;0;1;1 
D00543;hsa2566;0.209122;1;0;1;1 
D00543;hsa2567;0.207660;1;0;1;1 
D00543;hsa2563;0.206854;1;0;1;1 
D00544;hsa2742;0.313247;0;0;0;0 
D00544;hsa2743;0.258020;0;0;0;0 
D00544;hsa3737;0.235131;0;0;0;0 
D00544;hsa2555;0.220756;1;0;1;0 
D00544;hsa2558;0.214933;1;0;1;0 
D00544;hsa2556;0.212902;1;0;1;0 
D00544;hsa2559;0.205914;1;0;1;0 
D00544;hsa3741;0.202393;0;0;0;0 
D00544;hsa2566;0.201349;1;0;1;0 
D00544;hsa8913;0.200699;0;0;0;0 
D00545;hsa2742;0.558679;1;0;0;1 
D00545;hsa2743;0.535224;1;0;0;1 
D00545;hsa2570;0.498498;0;0;0;0 
D00545;hsa8913;0.349612;0;0;0;0 
D00545;hsa8912;0.326064;0;0;0;0 
D00545;hsa775;0.325055;0;0;0;0 
D00545;hsa781;0.307813;0;0;0;0 
D00545;hsa8911;0.305247;0;0;0;0 
D00545;hsa786;0.300724;0;0;0;0 
D00545;hsa8001;0.300303;0;0;0;0 
D00546;hsa2742;0.321698;0;0;0;0 
D00546;hsa2743;0.267851;0;0;0;0 
D00546;hsa2555;0.240077;1;0;1;0 
D00546;hsa2558;0.234504;1;0;1;0 
D00546;hsa3737;0.233122;0;0;0;0 
D00546;hsa2556;0.232424;1;0;1;0 
D00546;hsa2559;0.225501;1;0;1;0 
D00546;hsa2566;0.222101;1;0;1;0 
D00546;hsa2567;0.220565;1;0;1;0 
D00546;hsa2563;0.219491;1;0;1;0 
D00547;hsa2570;0.558866;0;0;0;0 
D00547;hsa8001;0.381045;0;0;0;0 
D00547;hsa8913;0.371254;0;0;0;0 
D00547;hsa775;0.360255;0;0;0;0 
D00547;hsa8912;0.345044;0;0;0;0 
D00547;hsa8911;0.328275;0;0;0;0 
D00547;hsa786;0.322627;0;0;0;0 
D00547;hsa781;0.321847;0;0;0;0 
D00547;hsa779;0.321558;0;0;0;0 
D00547;hsa778;0.316517;0;0;0;0 
D00548;hsa2570;0.534015;0;0;0;0 
D00548;hsa6331;0.476353;0;0;0;0 
D00548;hsa2742;0.465962;0;0;0;0 
D00548;hsa2743;0.448873;0;0;0;0 
D00548;hsa2741;0.445507;0;0;0;0 
D00548;hsa6329;0.423716;0;0;0;0 
D00548;hsa6328;0.420792;0;0;0;0 
D00548;hsa6336;0.410098;0;0;0;0 
D00548;hsa775;0.384379;0;0;0;0 
D00548;hsa779;0.355595;0;0;0;0 
D00549;hsa6331;0.445234;0;0;0;0 
D00549;hsa8001;0.431573;0;0;0;0 
D00549;hsa6329;0.427494;1;0;1;0 
D00549;hsa6328;0.425282;0;0;0;0 
D00549;hsa6336;0.411654;0;0;0;0 
D00549;hsa775;0.373388;0;0;0;0 
D00549;hsa8913;0.345163;0;0;0;0 
D00549;hsa779;0.344561;0;0;0;0 
D00549;hsa778;0.339688;0;0;0;0 
D00549;hsa6261;0.329339;0;0;0;0 
D00550;hsa2570;0.544021;1;0;1;0 
D00550;hsa6331;0.489432;0;0;0;0 
D00550;hsa2742;0.462530;0;0;0;0 
D00550;hsa2741;0.446564;0;0;0;0 
D00550;hsa2743;0.445255;0;0;0;0 
D00550;hsa6329;0.433156;0;0;0;0 
D00550;hsa6328;0.428806;0;0;0;0 
D00550;hsa6336;0.400760;0;0;0;0 
D00550;hsa775;0.387320;0;0;0;0 
D00550;hsa779;0.365340;0;0;0;0 
D00552;hsa6331;0.713914;1;1;0;0 
D00552;hsa8913;0.450581;0;0;0;0 
D00552;hsa8912;0.445668;0;0;0;0 
D00552;hsa8911;0.413849;0;0;0;0 
D00552;hsa6323;0.390435;1;1;0;0 
D00552;hsa775;0.375513;0;0;0;0 
D00552;hsa779;0.367867;0;0;0;0 
D00552;hsa778;0.354533;0;0;0;0 
D00552;hsa6261;0.341318;0;0;0;0 
D00552;hsa776;0.335304;0;0;0;0 
D00553;hsa6336;0.552569;1;1;0;0 
D00553;hsa6328;0.543042;1;1;0;0 
D00553;hsa6329;0.536909;0;0;0;0 
D00553;hsa6323;0.534906;1;1;0;0 
D00553;hsa6326;0.516719;1;1;0;0 
D00553;hsa6335;0.514166;0;0;0;0 
D00553;hsa6334;0.512505;0;0;0;0 
D00553;hsa8645;0.347460;0;0;0;0 
D00553;hsa3359;0.237426;0;0;0;0 
D00553;hsa3758;0.211258;0;0;0;0 
D00560;hsa6331;0.573439;0;0;0;0 
D00560;hsa6329;0.516167;0;0;0;0 
D00560;hsa6328;0.511895;0;0;0;0 
D00560;hsa6336;0.478846;0;0;0;0 
D00560;hsa2554;0.405847;0;0;0;0 
D00560;hsa6323;0.342495;0;0;0;0 
D00560;hsa3781;0.329149;0;0;0;0 
D00560;hsa3782;0.328287;0;0;0;0 
D00560;hsa6335;0.311465;0;0;0;0 
D00560;hsa6334;0.310872;0;0;0;0 
D00563;hsa285242;0.468897;1;1;0;0 
D00563;hsa9177;0.464746;1;1;0;0 
D00563;hsa6331;0.400473;0;0;0;0 
D00563;hsa170572;0.362829;1;1;0;0 
D00563;hsa3782;0.352678;0;0;0;0 
D00563;hsa200909;0.345050;1;1;0;0 
D00563;hsa6530;0.335979;1;0;1;0 
D00563;hsa6532;0.326154;1;0;1;0 
D00563;hsa6336;0.289968;0;0;0;0 
D00563;hsa6329;0.273895;0;0;0;0 
D00574;hsa3359;0.338521;0;0;0;0 
D00574;hsa6331;0.327641;0;0;0;0 
D00574;hsa2554;0.312690;0;0;0;0 
D00574;hsa1135;0.277080;0;0;0;0 
D00574;hsa1145;0.265343;0;0;0;0 
D00574;hsa6336;0.263015;0;0;0;0 
D00574;hsa6323;0.253511;0;0;0;0 
D00574;hsa6530;0.235182;0;0;0;0 
D00574;hsa6328;0.230645;0;0;0;0 
D00574;hsa6329;0.230623;0;0;0;0 
D00593;hsa3767;0.468182;1;0;1;0 
D00593;hsa6331;0.357396;0;0;0;0 
D00593;hsa6323;0.298834;0;0;0;0 
D00593;hsa6833;0.283100;1;1;1;0 
D00593;hsa3763;0.278922;0;0;0;0 
D00593;hsa6336;0.275054;0;0;0;0 
D00593;hsa6328;0.273083;0;0;0;0 
D00593;hsa6329;0.273067;0;0;0;0 
D00593;hsa6335;0.269174;0;0;0;0 
D00593;hsa6334;0.268900;0;0;0;0 
D00594;hsa3767;0.455259;0;0;0;0 
D00594;hsa6331;0.433770;0;0;0;0 
D00594;hsa3763;0.367360;0;0;0;0 
D00594;hsa3782;0.335265;0;0;0;0 
D00594;hsa6336;0.324612;0;0;0;0 
D00594;hsa6329;0.323240;0;0;0;0 
D00594;hsa6323;0.322807;0;0;0;0 
D00594;hsa6328;0.321777;0;0;0;0 
D00594;hsa6335;0.313730;0;0;0;0 
D00594;hsa6334;0.313475;0;0;0;0 
D00607;hsa6531;0.381169;0;0;0;0 
D00607;hsa6532;0.358782;0;0;0;0 
D00607;hsa6529;0.187937;0;0;0;0 
D00607;hsa6331;0.158775;0;0;0;0 
D00607;hsa6534;0.141004;0;0;0;0 
D00607;hsa6336;0.140573;0;0;0;0 
D00607;hsa3758;0.138584;0;0;0;0 
D00607;hsa11254;0.135236;0;0;0;0 
D00607;hsa1135;0.129375;0;0;0;0 
D00607;hsa3767;0.120168;0;0;0;0 
D00611;hsa1145;0.410280;1;1;0;1 
D00611;hsa1141;0.371432;1;1;0;1 
D00611;hsa1140;0.275809;1;1;0;0 
D00611;hsa1144;0.270557;1;1;0;0 
D00611;hsa2554;0.265065;0;0;0;0 
D00611;hsa8913;0.248234;0;0;0;0 
D00611;hsa6329;0.246725;0;0;0;0 
D00611;hsa6328;0.245990;0;0;0;0 
D00611;hsa6331;0.241436;0;0;0;0 
D00611;hsa3359;0.240213;0;0;0;0 
D00615;hsa6331;0.407153;0;0;0;0 
D00615;hsa6336;0.351138;0;0;0;0 
D00615;hsa777;0.330915;0;0;0;0 
D00615;hsa6329;0.330720;0;0;0;0 
D00615;hsa6328;0.323926;0;0;0;0 
D00615;hsa8911;0.322510;0;0;0;0 
D00615;hsa8912;0.310906;0;0;0;0 
D00615;hsa8913;0.299686;0;0;0;0 
D00615;hsa774;0.284601;1;0;1;0 
D00615;hsa6323;0.275987;0;0;0;0 
D00616;hsa3743;0.622235;0;0;0;0 
D00616;hsa6331;0.549391;0;0;0;0 
D00616;hsa6329;0.492391;0;0;0;0 
D00616;hsa6328;0.486047;0;0;0;0 
D00616;hsa3744;0.479337;0;0;0;0 
D00616;hsa776;0.470289;1;1;0;0 
D00616;hsa773;0.438898;0;0;0;0 
D00616;hsa2554;0.436864;0;0;0;0 
D00616;hsa3739;0.433812;0;0;0;0 
D00616;hsa6336;0.424357;0;0;0;0 
D00617;hsa6331;0.416926;0;0;0;0 
D00617;hsa6329;0.346519;0;0;0;0 
D00617;hsa6328;0.339348;0;0;0;0 
D00617;hsa3741;0.330850;0;0;0;0 
D00617;hsa777;0.328048;0;0;0;0 
D00617;hsa8911;0.306266;0;0;0;0 
D00617;hsa6335;0.304665;0;0;0;0 
D00617;hsa6334;0.303299;0;0;0;0 
D00617;hsa6326;0.301311;0;0;0;0 
D00617;hsa6336;0.296810;0;0;0;0 
D00618;hsa6331;0.385719;0;0;0;0 
D00618;hsa6336;0.346075;0;0;0;0 
D00618;hsa6329;0.341083;0;0;0;0 
D00618;hsa6328;0.338562;0;0;0;0 
D00618;hsa6323;0.245013;0;0;0;0 
D00618;hsa6335;0.225535;0;0;0;0 
D00618;hsa6334;0.224487;0;0;0;0 
D00618;hsa6326;0.223877;0;0;0;0 
D00618;hsa2554;0.201090;0;0;0;0 
D00618;hsa8645;0.193240;0;0;0;0 
D00619;hsa3741;0.720391;1;0;0;1 
D00619;hsa778;0.617578;1;1;1;1 
D00619;hsa3737;0.600008;1;0;0;1 
D00619;hsa3736;0.579380;1;0;0;1 
D00619;hsa3746;0.546702;1;0;0;1 
D00619;hsa6331;0.484758;1;0;1;0 
D00619;hsa776;0.471562;1;1;1;1 
D00619;hsa3739;0.458163;1;0;0;1 
D00619;hsa773;0.456949;1;0;1;1 
D00619;hsa6329;0.445893;1;0;0;1 
D00629;hsa6331;0.370296;0;0;0;0 
D00629;hsa6336;0.334344;0;0;0;0 
D00629;hsa6329;0.328229;0;0;0;0 
D00629;hsa6328;0.325640;0;0;0;0 
D00629;hsa6323;0.235791;0;0;0;0 
D00629;hsa6335;0.213642;0;0;0;0 
D00629;hsa6334;0.212593;0;0;0;0 
D00629;hsa6326;0.211955;0;0;0;0 
D00629;hsa2554;0.200129;0;0;0;0 
D00629;hsa8645;0.184948;0;0;0;0 
D00631;hsa6331;0.456174;0;0;0;0 
D00631;hsa3782;0.443367;0;0;0;0 
D00631;hsa6336;0.365011;1;0;0;1 
D00631;hsa3781;0.354685;0;0;0;0 
D00631;hsa6329;0.341715;1;0;0;1 
D00631;hsa6328;0.339533;1;0;0;1 
D00631;hsa3757;0.328473;1;1;0;0 
D00631;hsa6530;0.322149;0;0;0;0 
D00631;hsa6532;0.305253;0;0;0;0 
D00631;hsa6335;0.304863;0;0;0;0 
D00633;hsa6331;0.345685;0;0;0;0 
D00633;hsa6336;0.288867;0;0;0;0 
D00633;hsa6329;0.278819;0;0;0;0 
D00633;hsa6328;0.275766;0;0;0;0 
D00633;hsa6323;0.245134;0;0;0;0 
D00633;hsa8001;0.244942;0;0;0;0 
D00633;hsa6335;0.237113;0;0;0;0 
D00633;hsa6334;0.237013;0;0;0;0 
D00633;hsa6326;0.235567;0;0;0;0 
D00633;hsa2742;0.224553;0;0;0;0 
D00636;hsa6331;0.442277;0;0;0;0 
D00636;hsa3741;0.415042;0;0;0;0 
D00636;hsa6335;0.378652;0;0;0;0 
D00636;hsa6326;0.378246;0;0;0;0 
D00636;hsa6334;0.378024;0;0;0;0 
D00636;hsa6329;0.362347;0;0;0;0 
D00636;hsa6328;0.362003;0;0;0;0 
D00636;hsa6323;0.356523;0;0;0;0 
D00636;hsa3738;0.338040;0;0;0;0 
D00636;hsa3782;0.333499;0;0;0;0 
D00638;hsa6336;0.665983;0;0;0;0 
D00638;hsa3738;0.635808;0;0;0;0 
D00638;hsa8645;0.609011;0;0;0;0 
D00638;hsa775;0.517606;0;0;0;0 
D00638;hsa779;0.511277;0;0;0;0 
D00638;hsa778;0.473606;0;0;0;0 
D00638;hsa3739;0.449445;0;0;0;0 
D00638;hsa3744;0.439712;0;0;0;0 
D00638;hsa2554;0.389400;0;0;0;0 
D00638;hsa8913;0.380279;0;0;0;0 
D00639;hsa6336;0.728159;1;0;0;1 
D00639;hsa8645;0.568542;0;0;0;0 
D00639;hsa2554;0.229377;0;0;0;0 
D00639;hsa6332;0.228707;1;0;0;1 
D00639;hsa11280;0.227887;0;0;0;0 
D00639;hsa8913;0.212791;0;0;0;0 
D00639;hsa779;0.209774;0;0;0;0 
D00639;hsa778;0.205230;0;0;0;0 
D00639;hsa775;0.205064;0;0;0;0 
D00639;hsa776;0.188076;0;0;0;0 
D00640;hsa6336;0.746678;0;0;0;0 
D00640;hsa775;0.401897;0;0;0;0 
D00640;hsa779;0.389097;0;0;0;0 
D00640;hsa3743;0.380235;0;0;0;0 
D00640;hsa778;0.361574;0;0;0;0 
D00640;hsa2554;0.344870;0;0;0;0 
D00640;hsa3782;0.317200;0;0;0;0 
D00640;hsa8913;0.312026;0;0;0;0 
D00640;hsa3763;0.306515;0;0;0;0 
D00640;hsa3736;0.292516;0;0;0;0 
D00642;hsa6336;0.505107;0;0;0;0 
D00642;hsa775;0.489247;0;0;0;0 
D00642;hsa8913;0.420021;0;0;0;0 
D00642;hsa779;0.407685;0;0;0;0 
D00642;hsa3757;0.402347;1;0;1;0 
D00642;hsa778;0.394349;0;0;0;0 
D00642;hsa8912;0.382794;0;0;0;0 
D00642;hsa8911;0.375362;0;0;0;0 
D00642;hsa3738;0.375339;0;0;0;0 
D00642;hsa3736;0.367982;0;0;0;0 
D00647;hsa6331;0.460708;0;0;0;0 
D00647;hsa6329;0.387513;0;0;0;0 
D00647;hsa6328;0.384962;0;0;0;0 
D00647;hsa9424;0.365263;0;0;0;0 
D00647;hsa8645;0.356957;0;0;0;0 
D00647;hsa6335;0.356020;0;0;0;0 
D00647;hsa6334;0.355758;0;0;0;0 
D00647;hsa6326;0.354513;0;0;0;0 
D00647;hsa6323;0.343327;0;0;0;0 
D00647;hsa3756;0.336573;0;0;0;0 
D00648;hsa27133;0.433752;0;0;0;0 
D00648;hsa6329;0.386630;0;0;0;0 
D00648;hsa6328;0.384286;0;0;0;0 
D00648;hsa3758;0.377522;0;0;0;0 
D00648;hsa8645;0.376667;0;0;0;0 
D00648;hsa6331;0.375984;0;0;0;0 
D00648;hsa783;0.363111;0;0;0;0 
D00648;hsa3756;0.356314;0;0;0;0 
D00648;hsa776;0.352298;0;0;0;0 
D00648;hsa778;0.352205;0;0;0;0 
D00649;hsa6329;0.575230;1;0;0;1 
D00649;hsa6328;0.574124;1;0;0;1 
D00649;hsa6336;0.513891;1;0;0;1 
D00649;hsa6331;0.442647;0;0;0;0 
D00649;hsa6332;0.425992;1;0;0;1 
D00649;hsa6330;0.423339;1;0;0;1 
D00649;hsa6324;0.416004;1;0;0;1 
D00649;hsa55800;0.415828;1;0;0;1 
D00649;hsa6323;0.368815;0;0;0;0 
D00649;hsa8911;0.362866;1;0;0;1 
D00650;hsa2554;0.308050;0;0;0;0 
D00650;hsa6331;0.305067;0;0;0;0 
D00650;hsa3782;0.296991;0;0;0;0 
D00650;hsa6329;0.242269;0;0;0;0 
D00650;hsa6328;0.240397;0;0;0;0 
D00650;hsa3781;0.233762;0;0;0;0 
D00650;hsa6336;0.229815;0;0;0;0 
D00650;hsa6530;0.229257;0;0;0;0 
D00650;hsa3359;0.227800;0;0;0;0 
D00650;hsa6532;0.220882;0;0;0;0 
D00651;hsa6331;0.336185;0;0;0;0 
D00651;hsa3782;0.303873;0;0;0;0 
D00651;hsa2554;0.284376;0;0;0;0 
D00651;hsa6329;0.268739;0;0;0;0 
D00651;hsa6328;0.266991;0;0;0;0 
D00651;hsa6336;0.258656;0;0;0;0 
D00651;hsa6323;0.236211;0;0;0;0 
D00651;hsa3781;0.235256;0;0;0;0 
D00651;hsa3359;0.235096;0;0;0;0 
D00651;hsa6530;0.229304;0;0;0;0 
D00654;hsa6331;0.252194;0;0;0;0 
D00654;hsa2554;0.240169;0;0;0;0 
D00654;hsa6329;0.215384;0;0;0;0 
D00654;hsa6328;0.215334;0;0;0;0 
D00654;hsa6323;0.208946;0;0;0;0 
D00654;hsa6336;0.197473;0;0;0;0 
D00654;hsa3782;0.185504;0;0;0;0 
D00654;hsa6335;0.183120;0;0;0;0 
D00654;hsa6326;0.182728;0;0;0;0 
D00654;hsa6334;0.182648;0;0;0;0 
D00656;hsa6331;0.301579;0;0;0;0 
D00656;hsa6323;0.254524;0;0;0;0 
D00656;hsa6328;0.251341;0;0;0;0 
D00656;hsa6329;0.251122;0;0;0;0 
D00656;hsa2554;0.247786;0;0;0;0 
D00656;hsa6336;0.240684;0;0;0;0 
D00656;hsa6335;0.229295;0;0;0;0 
D00656;hsa6326;0.228929;0;0;0;0 
D00656;hsa6334;0.228693;0;0;0;0 
D00656;hsa3359;0.220369;0;0;0;0 
D00658;hsa6331;0.244585;0;0;0;0 
D00658;hsa2554;0.242117;0;0;0;0 
D00658;hsa6329;0.208569;0;0;0;0 
D00658;hsa6328;0.208512;0;0;0;0 
D00658;hsa6323;0.207282;0;0;0;0 
D00658;hsa6336;0.190637;0;0;0;0 
D00658;hsa6335;0.182373;0;0;0;0 
D00658;hsa6326;0.181982;0;0;0;0 
D00658;hsa6334;0.181899;0;0;0;0 
D00658;hsa2891;0.177899;0;0;0;0 
D00677;hsa6331;0.425972;0;0;0;0 
D00677;hsa6336;0.342010;0;0;0;0 
D00677;hsa6329;0.337513;0;0;0;0 
D00677;hsa6328;0.334968;0;0;0;0 
D00677;hsa6323;0.326825;0;0;0;0 
D00677;hsa6334;0.310645;0;0;0;0 
D00677;hsa6335;0.310597;0;0;0;0 
D00677;hsa6326;0.308969;0;0;0;0 
D00677;hsa3758;0.286088;0;0;0;0 
D00677;hsa8645;0.268675;0;0;0;0 
D00678;hsa6331;0.375259;0;0;0;0 
D00678;hsa3782;0.321279;0;0;0;0 
D00678;hsa6336;0.288278;0;0;0;0 
D00678;hsa2554;0.288269;0;0;0;0 
D00678;hsa6329;0.275555;0;0;0;0 
D00678;hsa6328;0.270797;0;0;0;0 
D00678;hsa6323;0.257310;0;0;0;0 
D00678;hsa8001;0.254095;0;0;0;0 
D00678;hsa6334;0.252946;0;0;0;0 
D00678;hsa6335;0.252845;0;0;0;0 
D00694;hsa6331;0.317695;0;0;0;0 
D00694;hsa3782;0.312892;0;0;0;0 
D00694;hsa2555;0.250790;1;1;1;0 
D00694;hsa3781;0.250259;0;0;0;0 
D00694;hsa2558;0.246401;1;1;1;0 
D00694;hsa2556;0.244489;1;1;1;0 
D00694;hsa3359;0.243614;0;0;0;0 
D00694;hsa6530;0.241798;0;0;0;0 
D00694;hsa2559;0.235426;1;1;1;0 
D00694;hsa6336;0.234013;0;0;0;0 
D00697;hsa6331;0.376349;0;0;0;0 
D00697;hsa6323;0.301434;0;0;0;0 
D00697;hsa6336;0.292683;0;0;0;0 
D00697;hsa3359;0.291809;0;0;0;0 
D00697;hsa3782;0.280758;0;0;0;0 
D00697;hsa6329;0.272474;0;0;0;0 
D00697;hsa6328;0.271565;0;0;0;0 
D00697;hsa6335;0.255081;0;0;0;0 
D00697;hsa6334;0.254497;0;0;0;0 
D00697;hsa6326;0.254472;0;0;0;0 
D00704;hsa2555;0.193371;1;0;1;0 
D00704;hsa2558;0.188874;1;0;1;0 
D00704;hsa2556;0.186557;1;0;1;0 
D00704;hsa2559;0.176291;1;0;1;0 
D00704;hsa2557;0.169843;1;0;1;0 
D00704;hsa8913;0.169736;0;0;0;0 
D00704;hsa2741;0.169489;0;0;0;0 
D00704;hsa6323;0.158866;0;0;0;0 
D00704;hsa8911;0.158838;0;0;0;0 
D00704;hsa6331;0.156302;0;0;0;0 
D00708;hsa6336;0.475732;0;0;0;0 
D00708;hsa6328;0.457291;0;0;0;0 
D00708;hsa6329;0.453688;0;0;0;0 
D00708;hsa6323;0.419829;0;0;0;0 
D00708;hsa6326;0.372957;0;0;0;0 
D00708;hsa6335;0.371385;0;0;0;0 
D00708;hsa6334;0.369755;0;0;0;0 
D00708;hsa2554;0.325107;0;0;0;0 
D00708;hsa8645;0.245885;0;0;0;0 
D00708;hsa6261;0.227608;0;0;0;0 
D00709;hsa6328;0.508158;0;0;0;0 
D00709;hsa6329;0.498426;0;0;0;0 
D00709;hsa6331;0.481391;0;0;0;0 
D00709;hsa8911;0.466128;0;0;0;0 
D00709;hsa6326;0.449480;0;0;0;0 
D00709;hsa6335;0.446328;0;0;0;0 
D00709;hsa6334;0.444141;0;0;0;0 
D00709;hsa8912;0.438574;0;0;0;0 
D00709;hsa6336;0.435316;0;0;0;0 
D00709;hsa8645;0.325844;0;0;0;0 
D00711;hsa6331;0.513517;0;0;0;0 
D00711;hsa6329;0.455743;0;0;0;0 
D00711;hsa6328;0.453740;0;0;0;0 
D00711;hsa6336;0.426447;0;0;0;0 
D00711;hsa3763;0.408485;0;0;0;0 
D00711;hsa8913;0.378237;0;0;0;0 
D00711;hsa2566;0.355332;1;0;0;1 
D00711;hsa6323;0.349542;0;0;0;0 
D00711;hsa2567;0.349318;1;0;0;1 
D00711;hsa8911;0.344592;0;0;0;0 
D00726;hsa1138;0.689574;0;0;0;0 
D00726;hsa170572;0.517209;1;1;0;0 
D00726;hsa6331;0.502130;0;0;0;0 
D00726;hsa6336;0.472506;0;0;0;0 
D00726;hsa6329;0.471077;0;0;0;0 
D00726;hsa6328;0.468264;0;0;0;0 
D00726;hsa200909;0.431466;1;1;0;0 
D00726;hsa6323;0.385713;0;0;0;0 
D00726;hsa6334;0.366869;0;0;0;0 
D00726;hsa6335;0.366771;0;0;0;0 
D00732;hsa775;0.259080;0;0;0;0 
D00732;hsa779;0.253397;0;0;0;0 
D00732;hsa778;0.245751;0;0;0;0 
D00732;hsa776;0.230056;0;0;0;0 
D00732;hsa11280;0.226072;0;0;0;0 
D00732;hsa2554;0.223685;0;0;0;0 
D00732;hsa6332;0.220292;0;0;0;0 
D00732;hsa8913;0.213258;0;0;0;0 
D00732;hsa773;0.211234;0;0;0;0 
D00732;hsa3741;0.199295;0;0;0;0 
D00733;hsa6328;0.620369;1;1;0;0 
D00733;hsa6329;0.616393;1;1;0;0 
D00733;hsa6323;0.550790;1;1;0;0 
D00733;hsa6326;0.530885;1;1;0;0 
D00733;hsa6335;0.528985;1;1;0;0 
D00733;hsa6334;0.527170;1;1;0;0 
D00733;hsa8645;0.376326;0;0;0;0 
D00733;hsa779;0.289279;0;0;0;0 
D00733;hsa775;0.285954;0;0;0;0 
D00733;hsa778;0.269497;0;0;0;0 
D00735;hsa8913;0.299442;0;0;0;0 
D00735;hsa775;0.290306;0;0;0;0 
D00735;hsa779;0.271237;0;0;0;0 
D00735;hsa3741;0.269360;0;0;0;0 
D00735;hsa8912;0.266625;0;0;0;0 
D00735;hsa2554;0.263278;0;0;0;0 
D00735;hsa778;0.262293;0;0;0;0 
D00735;hsa8911;0.258536;0;0;0;0 
D00735;hsa3758;0.251439;0;0;0;0 
D00735;hsa6332;0.248833;0;0;0;0 
D00738;hsa8913;0.298098;0;0;0;0 
D00738;hsa8912;0.259143;0;0;0;0 
D00738;hsa8911;0.251389;0;0;0;0 
D00738;hsa3758;0.249146;0;0;0;0 
D00738;hsa775;0.246684;0;0;0;0 
D00738;hsa2554;0.243210;0;0;0;0 
D00738;hsa3741;0.241611;0;0;0;0 
D00738;hsa6332;0.239742;0;0;0;0 
D00738;hsa6261;0.238113;0;0;0;0 
D00738;hsa11280;0.236966;0;0;0;0 
D00739;hsa775;0.305966;0;0;0;0 
D00739;hsa8913;0.303214;0;0;0;0 
D00739;hsa779;0.285969;0;0;0;0 
D00739;hsa778;0.275805;0;0;0;0 
D00739;hsa3741;0.273693;0;0;0;0 
D00739;hsa8912;0.271418;0;0;0;0 
D00739;hsa2554;0.266673;0;0;0;0 
D00739;hsa8911;0.265612;0;0;0;0 
D00739;hsa6332;0.250283;0;0;0;0 
D00739;hsa776;0.248451;0;0;0;0 
D00740;hsa775;0.359471;1;0;0;1 
D00740;hsa779;0.343432;1;0;0;1 
D00740;hsa778;0.341105;1;0;0;1 
D00740;hsa8913;0.326275;1;0;0;1 
D00740;hsa776;0.319550;1;0;0;1 
D00740;hsa8912;0.296952;1;0;0;1 
D00740;hsa773;0.296919;1;0;0;1 
D00740;hsa8911;0.291225;1;0;0;1 
D00740;hsa2554;0.273471;0;0;0;0 
D00740;hsa3783;0.256295;1;0;1;0 
D00741;hsa775;0.289103;0;0;0;0 
D00741;hsa779;0.274818;0;0;0;0 
D00741;hsa778;0.267213;0;0;0;0 
D00741;hsa776;0.249279;0;0;0;0 
D00741;hsa11280;0.228096;0;0;0;0 
D00741;hsa773;0.227877;0;0;0;0 
D00741;hsa8913;0.226598;0;0;0;0 
D00741;hsa6332;0.219252;0;0;0;0 
D00741;hsa2554;0.214938;0;0;0;0 
D00741;hsa6261;0.208786;1;0;0;1 
D00759;hsa1136;0.256719;0;0;0;0 
D00759;hsa8973;0.254418;0;0;0;0 
D00759;hsa1137;0.250480;0;0;0;0 
D00759;hsa1134;0.238998;1;1;0;0 
D00759;hsa57053;0.238829;0;0;0;0 
D00759;hsa55584;0.238822;0;0;0;0 
D00759;hsa1138;0.237507;0;0;0;0 
D00759;hsa1139;0.231025;0;0;0;0 
D00759;hsa6532;0.214335;0;0;0;0 
D00759;hsa1141;0.190023;0;0;0;0 
D00760;hsa1136;0.256499;0;0;0;0 
D00760;hsa8973;0.254128;0;0;0;0 
D00760;hsa1137;0.250208;0;0;0;0 
D00760;hsa1134;0.238212;1;1;0;0 
D00760;hsa57053;0.238195;0;0;0;0 
D00760;hsa55584;0.238146;0;0;0;0 
D00760;hsa1138;0.236086;0;0;0;0 
D00760;hsa1139;0.230066;0;0;0;0 
D00760;hsa6532;0.211235;0;0;0;0 
D00760;hsa1141;0.192872;0;0;0;0 
D00761;hsa1136;0.280130;0;0;0;0 
D00761;hsa8973;0.278251;0;0;0;0 
D00761;hsa1137;0.272374;0;0;0;0 
D00761;hsa1134;0.267249;0;0;0;0 
D00761;hsa1138;0.264802;0;0;0;0 
D00761;hsa6532;0.262905;0;0;0;0 
D00761;hsa57053;0.262673;0;0;0;0 
D00761;hsa55584;0.262357;0;0;0;0 
D00761;hsa1139;0.258989;0;0;0;0 
D00761;hsa3782;0.249000;0;0;0;0 
D00765;hsa1136;0.287787;0;0;0;0 
D00765;hsa8973;0.285378;0;0;0;0 
D00765;hsa1137;0.280165;0;0;0;0 
D00765;hsa55584;0.270074;0;0;0;0 
D00765;hsa57053;0.269800;0;0;0;0 
D00765;hsa1134;0.263077;1;1;0;0 
D00765;hsa1138;0.261435;0;0;0;0 
D00765;hsa1139;0.254868;0;0;0;0 
D00765;hsa1141;0.193222;0;0;0;0 
D00765;hsa6532;0.189750;0;0;0;0 
D00771;hsa6331;0.324576;0;0;0;0 
D00771;hsa6329;0.265877;0;0;0;0 
D00771;hsa6328;0.265227;0;0;0;0 
D00771;hsa6336;0.261031;0;0;0;0 
D00771;hsa2554;0.246262;0;0;0;0 
D00771;hsa3782;0.243306;0;0;0;0 
D00771;hsa6323;0.233976;0;0;0;0 
D00771;hsa3359;0.231224;0;0;0;0 
D00771;hsa6335;0.216473;0;0;0;0 
D00771;hsa6334;0.215940;0;0;0;0 
D00775;hsa2898;0.604557;1;0;0;1 
D00775;hsa8912;0.431944;0;0;0;0 
D00775;hsa8913;0.430056;0;0;0;0 
D00775;hsa6323;0.425141;0;0;0;0 
D00775;hsa2554;0.411567;1;0;0;1 
D00775;hsa3778;0.401061;0;0;0;0 
D00775;hsa8911;0.393657;0;0;0;0 
D00775;hsa775;0.381478;0;0;0;0 
D00775;hsa779;0.365795;0;0;0;0 
D00775;hsa778;0.356459;0;0;0;0 
D00779;hsa6331;0.333561;0;0;0;0 
D00779;hsa6532;0.305331;0;0;0;0 
D00779;hsa1136;0.290046;0;0;0;0 
D00779;hsa8973;0.288300;0;0;0;0 
D00779;hsa1137;0.278929;0;0;0;0 
D00779;hsa6336;0.276182;0;0;0;0 
D00779;hsa57053;0.273849;0;0;0;0 
D00779;hsa55584;0.273671;0;0;0;0 
D00779;hsa1134;0.273248;0;0;0;0 
D00779;hsa1138;0.269539;0;0;0;0 
D00791;hsa3781;0.594640;0;0;0;0 
D00791;hsa6331;0.420886;0;0;0;0 
D00791;hsa3780;0.377169;0;0;0;0 
D00791;hsa3763;0.343445;0;0;0;0 
D00791;hsa6329;0.312819;0;0;0;0 
D00791;hsa6328;0.310363;0;0;0;0 
D00791;hsa6336;0.305089;0;0;0;0 
D00791;hsa3757;0.299828;0;0;0;0 
D00791;hsa6335;0.286807;0;0;0;0 
D00791;hsa2554;0.286668;0;0;0;0 
D00798;hsa3782;0.517037;0;0;0;0 
D00798;hsa6331;0.500896;0;0;0;0 
D00798;hsa3781;0.446093;0;0;0;0 
D00798;hsa6336;0.402466;0;0;0;0 
D00798;hsa6329;0.386691;0;0;0;0 
D00798;hsa6328;0.383724;0;0;0;0 
D00798;hsa3758;0.377819;0;0;0;0 
D00798;hsa6335;0.364868;0;0;0;0 
D00798;hsa6334;0.364673;0;0;0;0 
D00798;hsa6326;0.363298;0;0;0;0 
D00799;hsa3782;0.693834;0;0;0;0 
D00799;hsa6331;0.432235;0;0;0;0 
D00799;hsa3780;0.414827;0;0;0;0 
D00799;hsa3763;0.369831;0;0;0;0 
D00799;hsa6329;0.328025;0;0;0;0 
D00799;hsa6328;0.325840;0;0;0;0 
D00799;hsa2554;0.319385;0;0;0;0 
D00799;hsa6336;0.315907;0;0;0;0 
D00799;hsa6335;0.304557;0;0;0;0 
D00799;hsa6334;0.304295;0;0;0;0 
D00809;hsa6331;0.489089;0;0;0;0 
D00809;hsa3780;0.459613;0;0;0;0 
D00809;hsa3763;0.386002;0;0;0;0 
D00809;hsa6336;0.368279;0;0;0;0 
D00809;hsa6329;0.364783;0;0;0;0 
D00809;hsa6328;0.361549;0;0;0;0 
D00809;hsa2554;0.335987;0;0;0;0 
D00809;hsa3359;0.325509;0;0;0;0 
D00809;hsa6335;0.311329;0;0;0;0 
D00809;hsa6334;0.310945;0;0;0;0 
D00812;hsa3781;0.595784;0;0;0;0 
D00812;hsa6331;0.491361;0;0;0;0 
D00812;hsa3780;0.374089;0;0;0;0 
D00812;hsa6336;0.373191;0;0;0;0 
D00812;hsa3763;0.368970;0;0;0;0 
D00812;hsa6329;0.359056;0;0;0;0 
D00812;hsa6328;0.356062;0;0;0;0 
D00812;hsa3359;0.338235;0;0;0;0 
D00812;hsa6530;0.332753;1;1;1;1 
D00812;hsa6532;0.323905;1;1;1;0 
D00816;hsa3781;0.586441;0;0;0;0 
D00816;hsa6331;0.466216;0;0;0;0 
D00816;hsa3780;0.367209;0;0;0;0 
D00816;hsa3763;0.354622;0;0;0;0 
D00816;hsa6336;0.348457;0;0;0;0 
D00816;hsa6329;0.337296;0;0;0;0 
D00816;hsa6328;0.334149;0;0;0;0 
D00816;hsa3359;0.330778;0;0;0;0 
D00816;hsa6530;0.321177;1;1;1;1 
D00816;hsa2554;0.314939;0;0;0;0 
D00823;hsa6331;0.443314;0;0;0;0 
D00823;hsa2554;0.391295;0;0;0;0 
D00823;hsa6329;0.367324;0;0;0;0 
D00823;hsa6328;0.363339;0;0;0;0 
D00823;hsa6336;0.361151;0;0;0;0 
D00823;hsa779;0.316746;0;0;0;0 
D00823;hsa775;0.299671;0;0;0;0 
D00823;hsa6335;0.290391;0;0;0;0 
D00823;hsa6334;0.290231;0;0;0;0 
D00823;hsa6326;0.288363;0;0;0;0 
D00831;hsa6331;0.332236;0;0;0;0 
D00831;hsa3782;0.283952;0;0;0;0 
D00831;hsa2554;0.276772;0;0;0;0 
D00831;hsa6329;0.260778;0;0;0;0 
D00831;hsa6328;0.260365;0;0;0;0 
D00831;hsa6323;0.248407;0;0;0;0 
D00831;hsa3359;0.243313;0;0;0;0 
D00831;hsa6336;0.238807;0;0;0;0 
D00831;hsa3778;0.236594;0;0;0;0 
D00831;hsa6335;0.235038;0;0;0;0 
D00960;hsa3359;0.307686;0;0;0;0 
D00960;hsa1145;0.264382;0;0;0;0 
D00960;hsa6331;0.260730;0;0;0;0 
D00960;hsa1135;0.244859;0;0;0;0 
D00960;hsa2554;0.219242;0;0;0;0 
D00960;hsa3782;0.217616;0;0;0;0 
D00960;hsa6336;0.205184;0;0;0;0 
D00960;hsa9177;0.201649;0;0;0;0 
D00960;hsa285242;0.191936;0;0;0;0 
D00960;hsa6329;0.181623;0;0;0;0 
D00963;hsa1135;0.303123;0;0;0;0 
D00963;hsa1145;0.282993;0;0;0;0 
D00963;hsa1136;0.232717;0;0;0;0 
D00963;hsa8973;0.231735;0;0;0;0 
D00963;hsa2554;0.229935;0;0;0;0 
D00963;hsa3359;0.223046;0;0;0;0 
D00963;hsa57053;0.218234;0;0;0;0 
D00963;hsa55584;0.217282;0;0;0;0 
D00963;hsa1137;0.204384;0;0;0;0 
D00963;hsa1144;0.154941;0;0;0;0 
D00964;hsa3359;0.302472;0;0;0;0 
D00964;hsa3782;0.270429;0;0;0;0 
D00964;hsa6331;0.265410;0;0;0;0 
D00964;hsa2554;0.250994;0;0;0;0 
D00964;hsa1145;0.244144;0;0;0;0 
D00964;hsa1135;0.235673;0;0;0;0 
D00964;hsa3757;0.205213;0;0;0;0 
D00964;hsa6530;0.201353;0;0;0;0 
D00964;hsa6336;0.196081;0;0;0;0 
D00964;hsa9177;0.191189;0;0;0;0 
D01071;hsa8913;0.206608;0;0;0;0 
D01071;hsa2555;0.202062;1;1;1;0 
D01071;hsa2558;0.197262;1;1;1;0 
D01071;hsa2556;0.194809;1;1;1;0 
D01071;hsa8911;0.194590;0;0;0;0 
D01071;hsa2559;0.184361;1;1;1;0 
D01071;hsa2557;0.177607;1;1;1;0 
D01071;hsa6323;0.177070;0;0;0;0 
D01071;hsa6331;0.173219;0;0;0;0 
D01071;hsa8912;0.166205;0;0;0;0 
D01108;hsa778;0.473823;0;0;0;0 
D01108;hsa776;0.461048;0;0;0;0 
D01108;hsa779;0.459811;1;0;1;0 
D01108;hsa8913;0.405010;0;0;0;0 
D01108;hsa782;0.404277;1;0;1;0 
D01108;hsa783;0.402567;1;0;1;0 
D01108;hsa93589;0.399925;0;0;0;0 
D01108;hsa8912;0.389430;0;0;0;0 
D01108;hsa8911;0.382850;0;0;0;0 
D01108;hsa773;0.382520;0;0;0;0 
D01111;hsa3767;0.459200;0;0;0;0 
D01111;hsa6331;0.393181;0;0;0;0 
D01111;hsa6323;0.320784;0;0;0;0 
D01111;hsa6336;0.308224;0;0;0;0 
D01111;hsa6328;0.301445;0;0;0;0 
D01111;hsa6329;0.300890;0;0;0;0 
D01111;hsa6335;0.295257;0;0;0;0 
D01111;hsa6326;0.295166;0;0;0;0 
D01111;hsa6334;0.294940;0;0;0;0 
D01111;hsa3763;0.292676;0;0;0;0 
D01118;hsa6331;0.513065;0;0;0;0 
D01118;hsa6336;0.420159;0;0;0;0 
D01118;hsa3782;0.409279;0;0;0;0 
D01118;hsa6329;0.384376;0;0;0;0 
D01118;hsa6328;0.381421;0;0;0;0 
D01118;hsa6532;0.342659;0;0;0;0 
D01118;hsa3781;0.323317;0;0;0;0 
D01118;hsa6335;0.309513;0;0;0;0 
D01118;hsa6334;0.308811;0;0;0;0 
D01118;hsa6326;0.308441;0;0;0;0 
D01242;hsa3781;0.548667;0;0;0;0 
D01242;hsa3780;0.347632;0;0;0;0 
D01242;hsa6331;0.334886;0;0;0;0 
D01242;hsa3763;0.272244;0;0;0;0 
D01242;hsa2554;0.260010;0;0;0;0 
D01242;hsa3359;0.243774;0;0;0;0 
D01242;hsa6336;0.240959;0;0;0;0 
D01242;hsa3757;0.235490;0;0;0;0 
D01242;hsa6329;0.232152;0;0;0;0 
D01242;hsa6328;0.229032;0;0;0;0 
D01243;hsa2554;0.242139;0;0;0;0 
D01243;hsa11280;0.232410;0;0;0;0 
D01243;hsa8913;0.231823;0;0;0;0 
D01243;hsa775;0.228759;0;0;0;0 
D01243;hsa6332;0.228074;1;1;0;0 
D01243;hsa779;0.224734;0;0;0;0 
D01243;hsa778;0.220967;0;0;0;0 
D01243;hsa776;0.207021;0;0;0;0 
D01243;hsa8912;0.204066;0;0;0;0 
D01243;hsa6261;0.203978;0;0;0;0 
D01253;hsa6331;0.407379;0;0;0;0 
D01253;hsa3782;0.374605;0;0;0;0 
D01253;hsa6336;0.307981;0;0;0;0 
D01253;hsa3359;0.307208;0;0;0;0 
D01253;hsa6530;0.297777;0;0;0;0 
D01253;hsa3781;0.294259;0;0;0;0 
D01253;hsa6329;0.290417;0;0;0;0 
D01253;hsa6328;0.288038;0;0;0;0 
D01253;hsa6323;0.281355;0;0;0;0 
D01253;hsa6532;0.281121;0;0;0;0 
D01256;hsa6331;0.312400;0;0;0;0 
D01256;hsa6328;0.271995;0;0;0;0 
D01256;hsa6329;0.271525;0;0;0;0 
D01256;hsa2890;0.260311;1;0;0;1 
D01256;hsa6323;0.256030;0;0;0;0 
D01256;hsa2554;0.253997;1;0;0;1 
D01256;hsa6336;0.252267;0;0;0;0 
D01256;hsa2897;0.240260;1;0;0;1 
D01256;hsa2893;0.232029;1;0;0;1 
D01256;hsa2892;0.231862;1;0;0;1 
D01275;hsa6331;0.386257;0;0;0;0 
D01275;hsa6329;0.341146;0;0;0;0 
D01275;hsa6328;0.338934;0;0;0;0 
D01275;hsa6336;0.330935;0;0;0;0 
D01275;hsa6323;0.291886;0;0;0;0 
D01275;hsa3783;0.281976;0;0;0;0 
D01275;hsa775;0.279214;0;0;0;0 
D01275;hsa1080;0.276894;0;0;0;0 
D01275;hsa779;0.274691;0;0;0;0 
D01275;hsa2554;0.271912;0;0;0;0 
D01287;hsa8913;0.272481;0;0;0;0 
D01287;hsa3758;0.249397;0;0;0;0 
D01287;hsa775;0.248344;0;0;0;0 
D01287;hsa3741;0.246280;0;0;0;0 
D01287;hsa3763;0.238706;0;0;0;0 
D01287;hsa779;0.237931;0;0;0;0 
D01287;hsa8912;0.237842;0;0;0;0 
D01287;hsa11280;0.235523;0;0;0;0 
D01287;hsa2554;0.234160;0;0;0;0 
D01287;hsa778;0.233833;0;0;0;0 
D01295;hsa6331;0.547748;0;0;0;0 
D01295;hsa6329;0.496534;0;0;0;0 
D01295;hsa6328;0.491725;0;0;0;0 
D01295;hsa6336;0.462096;0;0;0;0 
D01295;hsa2554;0.384070;0;0;0;0 
D01295;hsa6332;0.313039;0;0;0;0 
D01295;hsa6323;0.306596;0;0;0;0 
D01295;hsa3781;0.301436;0;0;0;0 
D01295;hsa3782;0.293814;0;0;0;0 
D01295;hsa6330;0.281883;0;0;0;0 
D01350;hsa786;0.261967;0;0;0;0 
D01350;hsa781;0.260348;0;0;0;0 
D01350;hsa3783;0.260051;0;0;0;0 
D01350;hsa8913;0.256005;0;0;0;0 
D01350;hsa775;0.254815;0;0;0;0 
D01350;hsa8912;0.243938;0;0;0;0 
D01350;hsa93589;0.242640;0;0;0;0 
D01350;hsa783;0.241352;0;0;0;0 
D01350;hsa8911;0.241081;0;0;0;0 
D01350;hsa782;0.240383;0;0;0;0 
D01448;hsa3782;0.630160;0;0;0;0 
D01448;hsa3780;0.397581;0;0;0;0 
D01448;hsa6331;0.337629;0;0;0;0 
D01448;hsa3763;0.319338;0;0;0;0 
D01448;hsa6329;0.261693;0;0;0;0 
D01448;hsa6328;0.259380;0;0;0;0 
D01448;hsa2554;0.253467;0;0;0;0 
D01448;hsa3757;0.243839;0;0;0;0 
D01448;hsa6336;0.242501;0;0;0;0 
D01448;hsa6335;0.232275;0;0;0;0 
D01450;hsa3743;0.405394;0;0;0;0 
D01450;hsa775;0.377560;0;0;0;0 
D01450;hsa779;0.369774;0;0;0;0 
D01450;hsa8913;0.366706;0;0;0;0 
D01450;hsa3758;0.340943;0;0;0;0 
D01450;hsa3738;0.330454;0;0;0;0 
D01450;hsa778;0.326626;0;0;0;0 
D01450;hsa3737;0.323280;0;0;0;0 
D01450;hsa8912;0.321228;0;0;0;0 
D01450;hsa3736;0.315157;0;0;0;0 
D01453;hsa2554;0.294660;0;0;0;0 
D01453;hsa6331;0.252328;0;0;0;0 
D01453;hsa6833;0.226738;0;0;0;0 
D01453;hsa6336;0.222074;0;0;0;0 
D01453;hsa6329;0.210203;0;0;0;0 
D01453;hsa6328;0.206650;0;0;0;0 
D01453;hsa779;0.189955;1;0;0;1 
D01453;hsa6323;0.186022;0;0;0;0 
D01453;hsa775;0.181549;1;0;0;1 
D01453;hsa8645;0.179918;0;0;0;0 
D01575;hsa3782;0.608789;0;0;0;0 
D01575;hsa3781;0.584632;0;0;0;0 
D01575;hsa3763;0.351345;0;0;0;0 
D01575;hsa6331;0.337198;0;0;0;0 
D01575;hsa6329;0.269676;0;0;0;0 
D01575;hsa6336;0.269274;0;0;0;0 
D01575;hsa6328;0.267470;0;0;0;0 
D01575;hsa2554;0.251927;0;0;0;0 
D01575;hsa3757;0.246234;0;0;0;0 
D01575;hsa6335;0.233905;0;0;0;0 
D01599;hsa3758;0.602622;0;0;0;0 
D01599;hsa6331;0.342347;0;0;0;0 
D01599;hsa6323;0.304627;0;0;0;0 
D01599;hsa3763;0.304324;0;0;0;0 
D01599;hsa6326;0.272955;0;0;0;0 
D01599;hsa6335;0.272566;0;0;0;0 
D01599;hsa6334;0.272477;0;0;0;0 
D01599;hsa6328;0.267017;0;0;0;0 
D01599;hsa6329;0.265788;0;0;0;0 
D01599;hsa3359;0.264487;0;0;0;0 
D01603;hsa6532;0.425304;0;0;0;0 
D01603;hsa6531;0.413651;0;0;0;0 
D01603;hsa6331;0.283611;0;0;0;0 
D01603;hsa3782;0.242408;0;0;0;0 
D01603;hsa6336;0.228863;0;0;0;0 
D01603;hsa3359;0.221629;0;0;0;0 
D01603;hsa3758;0.204445;1;0;1;0 
D01603;hsa6529;0.186600;0;0;0;0 
D01603;hsa3757;0.185654;0;0;0;0 
D01603;hsa3781;0.177838;0;0;0;0 
D01712;hsa2554;0.287439;0;0;0;0 
D01712;hsa6331;0.241103;0;0;0;0 
D01712;hsa6833;0.225870;0;0;0;0 
D01712;hsa6336;0.212515;0;0;0;0 
D01712;hsa6329;0.204701;0;0;0;0 
D01712;hsa6328;0.200956;0;0;0;0 
D01712;hsa779;0.194509;0;0;0;0 
D01712;hsa775;0.188573;0;0;0;0 
D01712;hsa8913;0.181504;0;0;0;0 
D01712;hsa778;0.178385;0;0;0;0 
D01768;hsa6331;0.590562;0;0;0;0 
D01768;hsa6328;0.511781;0;0;0;0 
D01768;hsa6329;0.507780;0;0;0;0 
D01768;hsa6323;0.485310;0;0;0;0 
D01768;hsa6326;0.481475;0;0;0;0 
D01768;hsa6335;0.479574;0;0;0;0 
D01768;hsa6334;0.477909;0;0;0;0 
D01768;hsa8645;0.334548;0;0;0;0 
D01768;hsa779;0.221976;0;0;0;0 
D01768;hsa775;0.212152;0;0;0;0 
D01799;hsa3758;0.606238;0;0;0;0 
D01799;hsa6331;0.357131;0;0;0;0 
D01799;hsa3763;0.318006;0;0;0;0 
D01799;hsa6323;0.309100;0;0;0;0 
D01799;hsa6328;0.280184;0;0;0;0 
D01799;hsa6326;0.279846;0;0;0;0 
D01799;hsa6335;0.279474;0;0;0;0 
D01799;hsa6334;0.279384;0;0;0;0 
D01799;hsa6329;0.278947;0;0;0;0 
D01799;hsa6336;0.275142;0;0;0;0 
D01828;hsa3758;0.423970;0;0;0;0 
D01828;hsa6331;0.334595;0;0;0;0 
D01828;hsa1080;0.308630;0;0;0;0 
D01828;hsa3782;0.305204;0;0;0;0 
D01828;hsa3359;0.248241;0;0;0;0 
D01828;hsa6336;0.243461;0;0;0;0 
D01828;hsa6329;0.234505;0;0;0;0 
D01828;hsa3781;0.233378;0;0;0;0 
D01828;hsa6328;0.232443;0;0;0;0 
D01828;hsa3757;0.227647;0;0;0;0 
D01854;hsa3758;0.482946;0;0;0;0 
D01854;hsa3763;0.293818;0;0;0;0 
D01854;hsa6530;0.233234;0;0;0;0 
D01854;hsa3757;0.227419;0;0;0;0 
D01854;hsa6331;0.216859;0;0;0;0 
D01854;hsa6532;0.204552;0;0;0;0 
D01854;hsa3359;0.202787;0;0;0;0 
D01854;hsa1135;0.176967;0;0;0;0 
D01854;hsa6323;0.175646;0;0;0;0 
D01854;hsa3782;0.174994;0;0;0;0 
D01969;hsa778;0.526186;1;1;0;1 
D01969;hsa776;0.469855;1;1;0;1 
D01969;hsa773;0.432764;1;0;0;1 
D01969;hsa6331;0.357766;0;0;0;0 
D01969;hsa6336;0.312026;0;0;0;0 
D01969;hsa6329;0.308311;0;0;0;0 
D01969;hsa6328;0.302083;0;0;0;0 
D01969;hsa3782;0.285050;0;0;0;0 
D01969;hsa3781;0.248855;0;0;0;0 
D01969;hsa3757;0.246384;0;0;0;0 
D02041;hsa2554;0.502763;0;0;0;0 
D02041;hsa2743;0.483291;0;0;0;0 
D02041;hsa6331;0.412460;0;0;0;0 
D02041;hsa6336;0.349120;0;0;0;0 
D02041;hsa6329;0.339689;0;0;0;0 
D02041;hsa116443;0.334506;0;0;0;0 
D02041;hsa6328;0.334425;0;0;0;0 
D02041;hsa2570;0.326207;0;0;0;0 
D02041;hsa2569;0.303335;0;0;0;0 
D02041;hsa2563;0.299369;0;0;0;0 
D02086;hsa11280;0.229821;0;0;0;0 
D02086;hsa6332;0.218574;1;0;0;1 
D02086;hsa775;0.217275;0;0;0;0 
D02086;hsa779;0.211293;0;0;0;0 
D02086;hsa8913;0.210134;0;0;0;0 
D02086;hsa778;0.207660;0;0;0;0 
D02086;hsa2554;0.205723;0;0;0;0 
D02086;hsa6261;0.200950;0;0;0;0 
D02086;hsa776;0.196081;0;0;0;0 
D02086;hsa6262;0.195235;0;0;0;0 
D02087;hsa6336;0.751109;0;0;0;0 
D02087;hsa8645;0.587366;0;0;0;0 
D02087;hsa3782;0.332028;0;0;0;0 
D02087;hsa775;0.325389;0;0;0;0 
D02087;hsa779;0.320920;0;0;0;0 
D02087;hsa778;0.301949;0;0;0;0 
D02087;hsa8913;0.295553;0;0;0;0 
D02087;hsa3781;0.289146;0;0;0;0 
D02087;hsa2554;0.286649;0;0;0;0 
D02087;hsa3741;0.284842;0;0;0;0 
D02088;hsa6336;0.738843;0;0;0;0 
D02088;hsa8645;0.578028;0;0;0;0 
D02088;hsa11280;0.231606;0;0;0;0 
D02088;hsa6332;0.228712;0;0;0;0 
D02088;hsa8913;0.211633;0;0;0;0 
D02088;hsa2554;0.203062;0;0;0;0 
D02088;hsa8912;0.180176;0;0;0;0 
D02088;hsa779;0.179857;0;0;0;0 
D02088;hsa778;0.178699;0;0;0;0 
D02088;hsa8911;0.178094;0;0;0;0 
D02092;hsa6331;0.438407;0;0;0;0 
D02092;hsa3782;0.364200;0;0;0;0 
D02092;hsa6336;0.337307;0;0;0;0 
D02092;hsa6329;0.328261;0;0;0;0 
D02092;hsa6328;0.326080;0;0;0;0 
D02092;hsa6335;0.320069;0;0;0;0 
D02092;hsa6334;0.319826;0;0;0;0 
D02092;hsa6326;0.318478;0;0;0;0 
D02092;hsa6323;0.313145;0;0;0;0 
D02092;hsa3359;0.294333;0;0;0;0 
D02098;hsa8645;0.574489;0;0;0;0 
D02098;hsa775;0.260495;0;0;0;0 
D02098;hsa779;0.258332;0;0;0;0 
D02098;hsa778;0.246960;0;0;0;0 
D02098;hsa11280;0.234193;0;0;0;0 
D02098;hsa6332;0.230158;0;0;0;0 
D02098;hsa776;0.224192;0;0;0;0 
D02098;hsa2554;0.208074;0;0;0;0 
D02098;hsa773;0.206446;0;0;0;0 
D02098;hsa8913;0.199357;0;0;0;0 
D02101;hsa1145;0.385449;0;0;0;0 
D02101;hsa1141;0.352417;0;0;0;0 
D02101;hsa1140;0.267028;0;0;0;0 
D02101;hsa1144;0.261332;0;0;0;0 
D02101;hsa3359;0.250641;0;0;0;0 
D02101;hsa2554;0.235981;0;0;0;0 
D02101;hsa775;0.223163;0;0;0;0 
D02101;hsa9312;0.216706;0;0;0;0 
D02101;hsa3752;0.215041;0;0;0;0 
D02101;hsa6331;0.214150;0;0;0;0 
D02163;hsa3781;0.584527;0;0;0;0 
D02163;hsa6331;0.383897;0;0;0;0 
D02163;hsa3780;0.372329;0;0;0;0 
D02163;hsa3763;0.330657;0;0;0;0 
D02163;hsa6329;0.285866;0;0;0;0 
D02163;hsa3757;0.285233;0;0;0;0 
D02163;hsa6328;0.283110;0;0;0;0 
D02163;hsa6336;0.274435;0;0;0;0 
D02163;hsa6335;0.256347;0;0;0;0 
D02163;hsa6334;0.256231;0;0;0;0 
D02173;hsa1145;0.396567;1;0;1;0 
D02173;hsa1141;0.385489;1;0;1;0 
D02173;hsa6331;0.353423;0;0;0;0 
D02173;hsa3359;0.341370;0;0;0;0 
D02173;hsa6329;0.324652;0;0;0;0 
D02173;hsa6328;0.323621;0;0;0;0 
D02173;hsa6336;0.314964;0;0;0;0 
D02173;hsa2554;0.306637;0;0;0;0 
D02173;hsa6323;0.292262;0;0;0;0 
D02173;hsa1140;0.281522;1;0;1;0 
D02204;hsa1145;0.407505;0;0;0;0 
D02204;hsa1141;0.361392;1;1;0;0 
D02204;hsa1140;0.274124;0;0;0;0 
D02204;hsa1144;0.269334;0;0;0;0 
D02204;hsa775;0.230193;0;0;0;0 
D02204;hsa2554;0.222593;0;0;0;0 
D02204;hsa6329;0.216382;0;0;0;0 
D02204;hsa6328;0.214966;0;0;0;0 
D02204;hsa3752;0.212554;0;0;0;0 
D02204;hsa6336;0.207742;0;0;0;0 
D02207;hsa775;0.487321;0;0;0;0 
D02207;hsa3782;0.479571;0;0;0;0 
D02207;hsa8913;0.476162;0;0;0;0 
D02207;hsa8912;0.449774;0;0;0;0 
D02207;hsa8911;0.439579;0;0;0;0 
D02207;hsa779;0.428923;0;0;0;0 
D02207;hsa6329;0.412909;0;0;0;0 
D02207;hsa2566;0.410925;0;0;0;0 
D02207;hsa6328;0.408261;0;0;0;0 
D02207;hsa2567;0.405268;0;0;0;0 
D02234;hsa3782;0.577787;0;0;0;0 
D02234;hsa3780;0.372013;0;0;0;0 
D02234;hsa6331;0.260160;0;0;0;0 
D02234;hsa3763;0.257647;0;0;0;0 
D02234;hsa1135;0.218367;0;0;0;0 
D02234;hsa2554;0.210831;0;0;0;0 
D02234;hsa3757;0.199482;0;0;0;0 
D02234;hsa6532;0.196068;0;0;0;0 
D02234;hsa6329;0.195208;0;0;0;0 
D02234;hsa6328;0.192711;0;0;0;0 
D02237;hsa6531;0.382526;0;0;0;0 
D02237;hsa6532;0.363486;0;0;0;0 
D02237;hsa6331;0.193587;0;0;0;0 
D02237;hsa6529;0.187881;0;0;0;0 
D02237;hsa6336;0.169798;0;0;0;0 
D02237;hsa3758;0.154505;0;0;0;0 
D02237;hsa6534;0.139945;0;0;0;0 
D02237;hsa3767;0.134649;0;0;0;0 
D02237;hsa11254;0.134171;0;0;0;0 
D02237;hsa6329;0.132204;0;0;0;0 
D02253;hsa2566;0.367662;1;1;1;1 
D02253;hsa2567;0.360626;1;1;1;1 
D02253;hsa2564;0.342814;1;1;1;1 
D02253;hsa2563;0.326245;1;1;1;1 
D02253;hsa2560;0.322759;1;1;1;1 
D02253;hsa2561;0.322646;1;1;1;1 
D02253;hsa2562;0.322446;1;1;1;1 
D02253;hsa2569;0.319661;1;0;0;1 
D02253;hsa55879;0.307949;1;1;1;1 
D02253;hsa775;0.232873;0;0;0;0 
D02261;hsa3741;0.452618;0;0;0;0 
D02261;hsa3743;0.396808;0;0;0;0 
D02261;hsa6331;0.391775;0;0;0;0 
D02261;hsa3737;0.371929;0;0;0;0 
D02261;hsa3746;0.332486;0;0;0;0 
D02261;hsa3744;0.321046;0;0;0;0 
D02261;hsa3736;0.312522;0;0;0;0 
D02261;hsa6329;0.305418;0;0;0;0 
D02261;hsa6328;0.304908;0;0;0;0 
D02261;hsa6323;0.296100;0;0;0;0 
D02262;hsa3741;0.442223;0;0;0;0 
D02262;hsa3743;0.406566;0;0;0;0 
D02262;hsa3737;0.369927;0;0;0;0 
D02262;hsa3746;0.326391;0;0;0;0 
D02262;hsa3744;0.321385;0;0;0;0 
D02262;hsa3736;0.308173;0;0;0;0 
D02262;hsa3739;0.301533;0;0;0;0 
D02262;hsa6331;0.272067;0;0;0;0 
D02262;hsa1135;0.254922;0;0;0;0 
D02262;hsa775;0.254681;0;0;0;0 
D02272;hsa775;0.500308;0;0;0;0 
D02272;hsa6336;0.493226;0;0;0;0 
D02272;hsa8913;0.438887;0;0;0;0 
D02272;hsa779;0.412607;0;0;0;0 
D02272;hsa3757;0.408198;1;0;1;0 
D02272;hsa8912;0.399842;0;0;0;0 
D02272;hsa778;0.398610;0;0;0;0 
D02272;hsa8911;0.389970;0;0;0;0 
D02272;hsa3738;0.389273;0;0;0;0 
D02272;hsa3736;0.371851;0;0;0;0 
D02347;hsa6263;0.470369;1;1;0;0 
D02347;hsa6262;0.470241;1;1;0;0 
D02347;hsa6331;0.323470;0;0;0;0 
D02347;hsa2554;0.292296;0;0;0;0 
D02347;hsa6336;0.262226;0;0;0;0 
D02347;hsa6329;0.256197;0;0;0;0 
D02347;hsa6328;0.253132;0;0;0;0 
D02347;hsa779;0.227930;0;0;0;0 
D02347;hsa1080;0.225731;0;0;0;0 
D02347;hsa775;0.224583;0;0;0;0 
D02356;hsa6833;0.521043;0;0;0;0 
D02356;hsa2554;0.414998;0;0;0;0 
D02356;hsa2890;0.411563;0;0;0;0 
D02356;hsa2893;0.410222;0;0;0;0 
D02356;hsa2892;0.409333;0;0;0;0 
D02356;hsa2891;0.388450;0;0;0;0 
D02356;hsa2557;0.348673;0;0;0;0 
D02356;hsa3767;0.346122;1;0;1;0 
D02356;hsa2559;0.344337;0;0;0;0 
D02356;hsa2556;0.344323;0;0;0;0 
D02360;hsa6530;0.585318;0;0;0;0 
D02360;hsa6331;0.454016;0;0;0;0 
D02360;hsa6531;0.409159;1;0;1;0 
D02360;hsa3782;0.408745;0;0;0;0 
D02360;hsa3359;0.344917;0;0;0;0 
D02360;hsa6336;0.338270;0;0;0;0 
D02360;hsa3781;0.316614;0;0;0;0 
D02360;hsa2554;0.295256;0;0;0;0 
D02360;hsa1135;0.289293;0;0;0;0 
D02360;hsa6329;0.279452;0;0;0;0 
D02362;hsa6530;0.564762;1;0;1;0 
D02362;hsa6331;0.418951;0;0;0;0 
D02362;hsa6531;0.393633;0;0;0;0 
D02362;hsa3782;0.354388;0;0;0;0 
D02362;hsa1135;0.309828;0;0;0;0 
D02362;hsa3359;0.307078;0;0;0;0 
D02362;hsa6336;0.306247;0;0;0;0 
D02362;hsa3757;0.281672;0;0;0;0 
D02362;hsa3781;0.274225;0;0;0;0 
D02362;hsa2554;0.259938;0;0;0;0 
D02409;hsa2554;0.343450;0;0;0;0 
D02409;hsa6331;0.323809;0;0;0;0 
D02409;hsa6336;0.273061;0;0;0;0 
D02409;hsa3782;0.262696;0;0;0;0 
D02409;hsa6329;0.258761;0;0;0;0 
D02409;hsa6328;0.254358;0;0;0;0 
D02409;hsa6833;0.242094;0;0;0;0 
D02409;hsa779;0.237491;1;0;0;1 
D02409;hsa3781;0.230829;0;0;0;0 
D02409;hsa775;0.228583;1;0;0;1 
D02461;hsa6331;0.399596;0;0;0;0 
D02461;hsa2566;0.369003;0;0;0;0 
D02461;hsa2567;0.362653;0;0;0;0 
D02461;hsa6329;0.349522;1;0;0;1 
D02461;hsa6328;0.347890;1;0;0;1 
D02461;hsa2564;0.345997;0;0;0;0 
D02461;hsa6336;0.339772;1;0;0;1 
D02461;hsa2563;0.331229;0;0;0;0 
D02461;hsa2560;0.327411;0;0;0;0 
D02461;hsa2561;0.327392;0;0;0;0 
D02485;hsa3782;0.362925;0;0;0;0 
D02485;hsa6331;0.331250;0;0;0;0 
D02485;hsa3781;0.293401;0;0;0;0 
D02485;hsa2554;0.256789;0;0;0;0 
D02485;hsa6336;0.252489;0;0;0;0 
D02485;hsa6335;0.244300;0;0;0;0 
D02485;hsa6334;0.244049;0;0;0;0 
D02485;hsa6326;0.242723;0;0;0;0 
D02485;hsa6329;0.240917;0;0;0;0 
D02485;hsa6328;0.238386;0;0;0;0 
D02546;hsa2891;0.531064;0;0;0;0 
D02546;hsa2892;0.488131;0;0;0;0 
D02546;hsa2893;0.486669;0;0;0;0 
D02546;hsa2890;0.442676;0;0;0;0 
D02546;hsa2895;0.382431;0;0;0;0 
D02546;hsa116443;0.314325;0;0;0;0 
D02546;hsa6323;0.184286;0;0;0;0 
D02546;hsa6331;0.156725;0;0;0;0 
D02546;hsa2554;0.151310;0;0;0;0 
D02546;hsa2902;0.150992;0;0;0;0 
D02566;hsa6532;0.515961;0;0;0;0 
D02566;hsa6531;0.450119;0;0;0;0 
D02566;hsa6331;0.444278;0;0;0;0 
D02566;hsa3782;0.430935;0;0;0;0 
D02566;hsa6336;0.349981;0;0;0;0 
D02566;hsa3359;0.339454;0;0;0;0 
D02566;hsa3781;0.335189;0;0;0;0 
D02566;hsa6329;0.292978;0;0;0;0 
D02566;hsa6328;0.289023;0;0;0;0 
D02566;hsa3763;0.284595;0;0;0;0 
D02630;hsa6331;0.394084;0;0;0;0 
D02630;hsa6323;0.377045;0;0;0;0 
D02630;hsa775;0.371222;0;0;0;0 
D02630;hsa2554;0.368104;0;0;0;0 
D02630;hsa779;0.365381;0;0;0;0 
D02630;hsa6328;0.359743;0;0;0;0 
D02630;hsa6329;0.359253;0;0;0;0 
D02630;hsa778;0.348611;0;0;0;0 
D02630;hsa773;0.339855;0;0;0;0 
D02630;hsa3782;0.321218;0;0;0;0 
D02914;hsa6331;0.350994;0;0;0;0 
D02914;hsa777;0.323385;0;0;0;0 
D02914;hsa6336;0.317777;0;0;0;0 
D02914;hsa8911;0.312044;0;0;0;0 
D02914;hsa8912;0.298574;0;0;0;0 
D02914;hsa6329;0.297508;0;0;0;0 
D02914;hsa8913;0.294049;0;0;0;0 
D02914;hsa6328;0.291694;0;0;0;0 
D02914;hsa774;0.283083;1;0;1;0 
D02914;hsa786;0.276254;1;0;0;1 
D03037;hsa6331;0.378605;0;0;0;0 
D03037;hsa3782;0.344207;0;0;0;0 
D03037;hsa2554;0.320467;0;0;0;0 
D03037;hsa6329;0.289195;0;0;0;0 
D03037;hsa6328;0.288146;0;0;0;0 
D03037;hsa6323;0.279543;0;0;0;0 
D03037;hsa3757;0.275085;1;1;0;0 
D03037;hsa3781;0.274027;0;0;0;0 
D03037;hsa6336;0.273579;0;0;0;0 
D03037;hsa3359;0.272432;0;0;0;0 
D03180;hsa2555;0.190324;1;0;1;0 
D03180;hsa2558;0.185337;1;0;1;0 
D03180;hsa2556;0.182563;1;0;1;0 
D03180;hsa2559;0.171523;1;0;1;0 
D03180;hsa6323;0.169330;0;0;0;0 
D03180;hsa2557;0.163423;1;0;1;0 
D03180;hsa1141;0.161229;0;0;0;0 
D03180;hsa6331;0.140286;0;0;0;0 
D03180;hsa8913;0.139241;0;0;0;0 
D03180;hsa8911;0.134565;0;0;0;0 
D03274;hsa3780;0.464213;0;0;0;0 
D03274;hsa6331;0.383069;0;0;0;0 
D03274;hsa3763;0.333225;0;0;0;0 
D03274;hsa6329;0.295708;0;0;0;0 
D03274;hsa6328;0.292897;0;0;0;0 
D03274;hsa6336;0.279133;0;0;0;0 
D03274;hsa3757;0.277562;1;0;1;0 
D03274;hsa2554;0.255949;0;0;0;0 
D03274;hsa6335;0.249491;0;0;0;0 
D03274;hsa6334;0.249301;0;0;0;0 
D03365;hsa1137;0.746064;1;0;1;0 
D03365;hsa1134;0.675375;0;0;0;0 
D03365;hsa1139;0.659823;1;0;1;0 
D03365;hsa1138;0.616805;1;0;1;0 
D03365;hsa9177;0.460334;0;0;0;0 
D03365;hsa285242;0.459722;0;0;0;0 
D03365;hsa6331;0.435096;0;0;0;0 
D03365;hsa1140;0.390501;0;0;0;0 
D03365;hsa1144;0.388053;0;0;0;0 
D03365;hsa6336;0.387940;0;0;0;0 
D03450;hsa1080;0.324201;0;0;0;0 
D03450;hsa6261;0.299894;0;0;0;0 
D03450;hsa6262;0.297166;0;0;0;0 
D03450;hsa6263;0.297102;0;0;0;0 
D03450;hsa6331;0.232617;0;0;0;0 
D03450;hsa2554;0.209752;0;0;0;0 
D03450;hsa3757;0.204468;0;0;0;0 
D03450;hsa6336;0.198226;0;0;0;0 
D03450;hsa3781;0.194017;0;0;0;0 
D03450;hsa1135;0.193964;0;0;0;0 
D03580;hsa1145;0.380576;0;0;0;0 
D03580;hsa1141;0.353797;0;0;0;0 
D03580;hsa1140;0.266505;0;0;0;0 
D03580;hsa3359;0.263991;0;0;0;0 
D03580;hsa1144;0.260765;0;0;0;0 
D03580;hsa2554;0.242627;0;0;0;0 
D03580;hsa9312;0.224593;0;0;0;0 
D03580;hsa775;0.224520;0;0;0;0 
D03580;hsa6331;0.224088;0;0;0;0 
D03580;hsa6329;0.217017;0;0;0;0 
D03742;hsa6331;0.513329;0;0;0;0 
D03742;hsa6530;0.436579;1;0;1;0 
D03742;hsa6336;0.433440;0;0;0;0 
D03742;hsa6329;0.374794;0;0;0;0 
D03742;hsa6328;0.371116;0;0;0;0 
D03742;hsa6531;0.322368;0;0;0;0 
D03742;hsa1136;0.297356;1;0;1;0 
D03742;hsa8973;0.295715;0;0;0;0 
D03742;hsa1137;0.284382;1;0;1;0 
D03742;hsa1138;0.282090;0;0;0;0 
D03826;hsa1145;0.383916;0;0;0;0 
D03826;hsa1141;0.380072;0;0;0;0 
D03826;hsa3359;0.308037;0;0;0;0 
D03826;hsa775;0.291422;0;0;0;0 
D03826;hsa6331;0.285301;0;0;0;0 
D03826;hsa2554;0.274148;0;0;0;0 
D03826;hsa1140;0.270449;0;0;0;0 
D03826;hsa779;0.264825;0;0;0;0 
D03826;hsa1144;0.264655;0;0;0;0 
D03826;hsa6329;0.257338;0;0;0;0 
D03830;hsa3743;0.625578;0;0;0;0 
D03830;hsa6331;0.482843;0;0;0;0 
D03830;hsa3744;0.477694;0;0;0;0 
D03830;hsa776;0.468104;1;1;0;0 
D03830;hsa6329;0.444967;0;0;0;0 
D03830;hsa3739;0.444953;0;0;0;0 
D03830;hsa6328;0.438166;0;0;0;0 
D03830;hsa773;0.432968;0;0;0;0 
D03830;hsa2554;0.400077;0;0;0;0 
D03830;hsa9312;0.374393;0;0;0;0 
D03878;hsa6331;0.401340;0;0;0;0 
D03878;hsa3782;0.381854;0;0;0;0 
D03878;hsa6329;0.317032;0;0;0;0 
D03878;hsa3781;0.312976;0;0;0;0 
D03878;hsa6336;0.312641;0;0;0;0 
D03878;hsa6328;0.311094;0;0;0;0 
D03878;hsa2554;0.306816;0;0;0;0 
D03878;hsa779;0.284648;0;0;0;0 
D03878;hsa6532;0.282550;0;0;0;0 
D03878;hsa775;0.264063;0;0;0;0 
D03991;hsa6336;0.760316;1;0;0;1 
D03991;hsa8645;0.602723;0;0;0;0 
D03991;hsa3782;0.333634;0;0;0;0 
D03991;hsa2554;0.309804;0;0;0;0 
D03991;hsa775;0.297510;0;0;0;0 
D03991;hsa3741;0.295458;0;0;0;0 
D03991;hsa3763;0.294981;0;0;0;0 
D03991;hsa779;0.294531;0;0;0;0 
D03991;hsa3781;0.287899;0;0;0;0 
D03991;hsa8913;0.282053;0;0;0;0 
D04034;hsa3780;0.460727;0;0;0;0 
D04034;hsa6331;0.317078;0;0;0;0 
D04034;hsa3763;0.305223;0;0;0;0 
D04034;hsa3757;0.249954;1;0;1;0 
D04034;hsa6329;0.242214;0;0;0;0 
D04034;hsa2554;0.240318;0;0;0;0 
D04034;hsa6328;0.238986;0;0;0;0 
D04034;hsa779;0.232122;0;0;0;0 
D04034;hsa775;0.224779;0;0;0;0 
D04034;hsa6336;0.223563;0;0;0;0 
D04048;hsa8913;0.280293;0;0;0;0 
D04048;hsa775;0.245957;0;0;0;0 
D04048;hsa8912;0.244056;0;0;0;0 
D04048;hsa3741;0.243495;0;0;0;0 
D04048;hsa3758;0.243151;0;0;0;0 
D04048;hsa2554;0.239215;0;0;0;0 
D04048;hsa8911;0.236300;0;0;0;0 
D04048;hsa779;0.234464;0;0;0;0 
D04048;hsa11280;0.234119;0;0;0;0 
D04048;hsa6261;0.232614;0;0;0;0 
D04370;hsa285242;0.484028;1;1;0;0 
D04370;hsa9177;0.477086;1;1;0;0 
D04370;hsa6331;0.402407;0;0;0;0 
D04370;hsa170572;0.379541;1;1;0;0 
D04370;hsa200909;0.360229;1;1;0;0 
D04370;hsa6336;0.307423;0;0;0;0 
D04370;hsa6323;0.301733;0;0;0;0 
D04370;hsa3758;0.299522;0;0;0;0 
D04370;hsa6329;0.296643;0;0;0;0 
D04370;hsa6328;0.295722;0;0;0;0 
D04790;hsa2554;0.186894;0;0;0;0 
D04790;hsa1135;0.169897;0;0;0;0 
D04790;hsa3757;0.165649;0;0;0;0 
D04790;hsa6323;0.164785;0;0;0;0 
D04790;hsa6331;0.162588;0;0;0;0 
D04790;hsa6334;0.159571;0;0;0;0 
D04790;hsa6335;0.159526;0;0;0;0 
D04790;hsa6326;0.158983;0;0;0;0 
D04790;hsa3782;0.146077;0;0;0;0 
D04790;hsa6530;0.140981;0;0;0;0 
D04985;hsa2555;0.187270;1;0;0;1 
D04985;hsa2558;0.182320;1;0;0;1 
D04985;hsa2556;0.179641;1;0;0;1 
D04985;hsa6323;0.171960;0;0;0;0 
D04985;hsa2559;0.168620;1;0;0;1 
D04985;hsa2557;0.160869;1;0;0;1 
D04985;hsa1141;0.152444;0;0;0;0 
D04985;hsa6331;0.150713;0;0;0;0 
D04985;hsa8913;0.146446;0;0;0;0 
D04985;hsa8911;0.141775;0;0;0;0 
D04999;hsa6532;0.582345;1;0;1;0 
D04999;hsa6331;0.376509;0;0;0;0 
D04999;hsa6336;0.314322;0;0;0;0 
D04999;hsa6529;0.289579;0;0;0;0 
D04999;hsa3359;0.270859;0;0;0;0 
D04999;hsa3758;0.248660;0;0;0;0 
D04999;hsa6323;0.233177;0;0;0;0 
D04999;hsa6335;0.226145;0;0;0;0 
D04999;hsa6334;0.225674;0;0;0;0 
D04999;hsa6326;0.224502;0;0;0;0 
D05024;hsa775;0.627552;1;0;0;1 
D05024;hsa779;0.625329;0;0;0;0 
D05024;hsa778;0.599813;1;0;0;1 
D05024;hsa776;0.563054;1;0;0;1 
D05024;hsa6331;0.485008;0;0;0;0 
D05024;hsa6329;0.431413;0;0;0;0 
D05024;hsa6328;0.428579;0;0;0;0 
D05024;hsa6336;0.413555;0;0;0;0 
D05024;hsa6323;0.383128;0;0;0;0 
D05024;hsa774;0.373464;0;0;0;0 
D05077;hsa6336;0.531410;0;0;0;0 
D05077;hsa6328;0.530241;1;1;0;0 
D05077;hsa6329;0.528475;1;1;0;0 
D05077;hsa6323;0.479559;1;1;0;0 
D05077;hsa6326;0.465794;1;1;0;0 
D05077;hsa6335;0.465223;1;1;0;0 
D05077;hsa6334;0.463932;1;1;0;0 
D05077;hsa3782;0.369881;0;0;0;0 
D05077;hsa8645;0.318160;0;0;0;0 
D05077;hsa779;0.302287;0;0;0;0 
D05156;hsa1145;0.367711;0;0;0;0 
D05156;hsa6329;0.301874;0;0;0;0 
D05156;hsa6328;0.298847;0;0;0;0 
D05156;hsa3741;0.292187;0;0;0;0 
D05156;hsa6336;0.290696;0;0;0;0 
D05156;hsa8913;0.287243;0;0;0;0 
D05156;hsa1141;0.284453;1;0;1;0 
D05156;hsa6331;0.284317;0;0;0;0 
D05156;hsa775;0.274410;0;0;0;0 
D05156;hsa9312;0.271914;0;0;0;0 
D05453;hsa6331;0.428537;0;0;0;0 
D05453;hsa6329;0.391325;0;0;0;0 
D05453;hsa6328;0.390681;0;0;0;0 
D05453;hsa8913;0.384750;0;0;0;0 
D05453;hsa6336;0.369669;0;0;0;0 
D05453;hsa1145;0.361696;0;0;0;0 
D05453;hsa8911;0.350792;0;0;0;0 
D05453;hsa8912;0.350275;0;0;0;0 
D05453;hsa2554;0.341976;0;0;0;0 
D05453;hsa1141;0.341923;0;0;0;0 
D05458;hsa6532;0.537665;1;0;1;0 
D05458;hsa6331;0.386895;0;0;0;0 
D05458;hsa6336;0.337460;0;0;0;0 
D05458;hsa6529;0.277417;0;0;0;0 
D05458;hsa3359;0.259759;0;0;0;0 
D05458;hsa6323;0.236182;0;0;0;0 
D05458;hsa6329;0.232374;0;0;0;0 
D05458;hsa6328;0.231116;0;0;0;0 
D05458;hsa6335;0.226947;0;0;0;0 
D05458;hsa6334;0.226215;0;0;0;0 
D05461;hsa2566;0.379330;0;0;0;0 
D05461;hsa2567;0.372781;0;0;0;0 
D05461;hsa2564;0.356491;0;0;0;0 
D05461;hsa2563;0.340413;0;0;0;0 
D05461;hsa2560;0.335515;0;0;0;0 
D05461;hsa2561;0.335411;0;0;0;0 
D05461;hsa2562;0.335175;0;0;0;0 
D05461;hsa2569;0.334145;0;0;0;0 
D05461;hsa55879;0.323514;0;0;0;0 
D05461;hsa775;0.282172;0;0;0;0 
D06106;hsa2555;0.193293;1;1;0;0 
D06106;hsa2558;0.188459;1;1;0;0 
D06106;hsa2556;0.185805;1;1;0;0 
D06106;hsa2559;0.174793;1;1;0;0 
D06106;hsa2557;0.167164;1;1;0;0 
D06106;hsa6323;0.163115;0;0;0;0 
D06106;hsa8913;0.146413;0;0;0;0 
D06106;hsa6331;0.145592;0;0;0;0 
D06106;hsa1141;0.144472;0;0;0;0 
D06106;hsa8911;0.142444;0;0;0;0 
D06172;hsa6336;0.544034;0;0;0;0 
D06172;hsa6328;0.539725;1;1;0;0 
D06172;hsa6329;0.532682;1;1;0;0 
D06172;hsa6323;0.530711;1;1;0;0 
D06172;hsa6326;0.506489;1;1;0;0 
D06172;hsa6335;0.503519;1;1;0;0 
D06172;hsa6334;0.501817;1;1;0;0 
D06172;hsa8645;0.339076;0;0;0;0 
D06172;hsa3359;0.202353;0;0;0;0 
D06172;hsa6332;0.194591;0;0;0;0 
